Référence;Intitulé;Date d’adoption
A;Structure cantonale et principes fondamentaux;
A 1;Territoire, lien à la Confédération;
A 1 01;Acte d’union de la République de Genève à la Confédération suisse (AcU-GE-CH);19.05.1815
A 1 02;Traité entre Sa Majesté très chrestienne et la Republique de Geneve (Tr-F-GE);15.08.1749
A 1 03;Extrait du Procès-verbal de la délimitation entre le territoire du royaume de France et celui du canton de Genève (PVDT-F-GE);20.07.1825
A 1 04;Extrait du Procès-verbal de délimitation du territoire de Céligny (PVDT-Cél);05.10.1726
A 1 05;Protocole du Congrès de Vienne (territoire cédé au canton de Genève) (PC-Vienne-1);29.03.1815
A 1 06;Protocole du Congrès de Vienne (relatif à la neutralisation du Chablais et du Faucigny) (PC-Vienne-2);29.03.1815
A 1 07;Traité de Turin entre Sa Majesté le roi de Sardaigne, la Confédération suisse et le canton de Genève (TrTurin);16.03.1816
A 1 08;Convention pour le partage des biens appartenant aux communes dont une partie seulement a été cédée à la Suisse par S. M. le roi de Sardaigne, d’après le traité du 16 mars 1816 (Cpart);11.05.1834
A 1 09;Frontière Vaud-Genève ou Traité de Lausanne (TrLausanne);30.10.1564
A 1 10;Convention entre la Suisse et la France sur la détermination de la frontière dans le lac Léman (CDFLéman);25.02.1953
A 1 11;Accord de Karlsruhe sur la coopération transfrontalière entre les collectivités territoriales et organismes publics locaux (AKCT);23.01.1996
A 1 11.0;Loi ratifiant l’extension au canton de Genève de l’accord de Karlsruhe sur la coopération transfrontalière entre les collectivités territoriales et organismes publics locaux (L-AKCT);22.04.2004
A 1 12;Loi relative aux organismes de coopération transfrontalière (LOCT);14.11.2008
A 1 13;Convention instituant le Groupement local de coopération transfrontalière « Projet d’agglomération franco-valdo-genevois », en vue d’en assurer la gouvernance (CAgglo);01.12.2011
A 1 13.0;Loi approuvant la création du Groupement local de coopération transfrontalière « Projet d’agglomération franco-valdo-genevois » (L‑CAgglo);01.12.2011
A 2;Constitution et principes généraux;
A 2 00;Constitution de la République et canton de Genève (Cst-GE);14.10.2012
A 2 04;Loi-cadre sur la répartition des tâches entre les communes et le canton (LRT);24.09.2015
A 2 04.03;Règlement sur le fonds de régulation dans le cadre de la réforme de la répartition des tâches entre les communes et le canton (RFRRT);24.08.2016
A 2 05;Loi sur la répartition des tâches entre les communes et le canton (1er train) (LRT-1);18.03.2016
A 2 05.03;Règlement sur les prestations de soutien aux personnes âgées délivrées par les communes, en application de la loi sur la répartition des tâches entre les communes et le canton (1er train) (RPSPA-LRT-1);19.10.2022
A 2 07;Loi sur la répartition des tâches entre les communes et le canton en matière de sport (3e train) (LRT-3);31.08.2017
A 2 08;Loi sur l’information du public, l’accès aux documents et la protection des données personnelles (LIPAD);05.10.2001
A 2 08.01;Règlement d’application de la loi sur l’information du public, l’accès aux documents et la protection des données personnelles (RIPAD);21.12.2011
A 2 09;Loi instituant les numéros d’identification personnels communs (LNIP);20.09.2013
A 2 10;Loi sur les effets et l’application des lois (LEAL);05.03.1803
A 2 15;Loi sur la prestation des serments (LSer);24.09.1965
A 2 20;Loi sur les commissions officielles (LCOf);18.09.2009
A 2 20.01;Règlement sur les commissions officielles (RCOf);10.03.2010
A 2 24;Loi sur l’organisation des institutions de droit public (LOIDP);22.09.2017
A 2 24.01;Règlement sur l’organisation des institutions de droit public (ROIDP);16.05.2018
A 2 30;Loi sur la computation des délais échéant un samedi (LDélais);22.06.1963
A 2 35;Loi concernant la législation expérimentale (LLExp);14.12.1995
A 2 40;Loi sur la responsabilité de l’Etat et des communes (LREC);24.02.1989
A 2 55;Loi sur l'intégration des étrangers (LIEtr);28.06.2001
A 2 55.01;Règlement d'application de la loi sur l'intégration des étrangers (RIEtr);12.09.2001
A 2 60;Loi sur l'action publique en vue d'un développement durable (Agenda 21) (LDD);12.05.2016
A 2 65;Loi sur les relations et le développement de la Genève internationale (LGI);02.12.2004
A 2 70;Loi relative à la politique de cohésion sociale en milieu urbain (LCSMU);19.04.2012
A 2 70.01;Règlement d’application de la loi relative à la politique de cohésion sociale en milieu urbain (RCSMU);20.03.2013
A 2 75;Loi sur la laïcité de l’Etat (LLE);26.04.2018
A 2 75.01;Règlement d’application de la loi sur la laïcité de l’Etat (RLE);17.06.2020
A 2 80;Loi sur la lutte contre la traite des êtres humains (LTEH);22.03.2019
A 2 90;Loi générale sur l’égalité et la lutte contre les discriminations (LED);23.03.2023
A 2 91;Loi sur l’égalité et la lutte contre les discriminations liées au sexe et au genre (LED-Genre);23.03.2023
A 3;Dénomination, armoiries et couleurs de l’Etat;
A 3 01;Loi sur la dénomination, les armoiries et les couleurs de l’Etat (LArm);10.08.1815
A 4;Nationalité;
A 4 05;Loi sur le droit de cité genevois (LDCG);02.03.2023
A 4 05.01;Règlement d'application de la loi sur le droit de cité genevois (RDCG);03.07.2024
A 4 05.04;Règlement concernant la détermination des communes d’origine des citoyens genevois (RCOG);25.06.1929
A 5;Droits politiques;
A 5 05;Loi sur l’exercice des droits politiques (LEDP);15.10.1982
A 5 05.01;Règlement d’application de la loi sur l’exercice des droits politiques (REDP);12.12.1994
A 5 05.03;Règlement concernant la délimitation des arrondissements électoraux de la Ville de Genève (RDAEVG);03.02.1959
A 5 10;Loi sur l’exercice du droit de pétition (LPétition);14.09.1979
B;Organisation du canton;
B 1;Pouvoirs législatif et exécutif;
B 1 01;Loi portant règlement du Grand Conseil de la République et canton de Genève (LRGC);13.09.1985
B 1 04;Convention relative à la participation des parlements cantonaux dans le cadre de l’élaboration, de la ratification, de l’exécution et de la modification des conventions intercantonales et des traités des cantons avec l’étranger (Convention sur la participation des parlements) (CoParl);05.03.2010
B 1 04.0;Loi autorisant le Conseil d’Etat à adhérer à la convention relative à la participation des parlements cantonaux dans le cadre de l’élaboration, de la ratification, de l’exécution et de la modification des conventions intercantonales et des traités des cantons avec l’étranger (Convention sur la participation des parlements) (L-CoParl);15.10.2010
B 1 15;Loi sur l’exercice des compétences du Conseil d’Etat et l’organisation de l’administration (LECO);16.09.1993
B 1 15.03;Règlement pour l’organisation du Conseil d’Etat de la République et canton de Genève (RCE);15.03.2023
B 1 20;Loi concernant le traitement et la retraite des membres du Conseil d’Etat et de la chancelière ou du chancelier d’Etat (LTRCE);13.10.2022
B 1 20.01;Règlement concernant la retraite des membres du Conseil d'Etat, de la chancelière ou du chancelier d'Etat et des magistrates et magistrats de la Cour des comptes (RTRCECC);10.02.1988
B 1 20.03;Règlement relatif aux indemnités de représentation et à la prise en charge des frais effectifs des membres du Conseil d’Etat et de la chancelière ou du chancelier d’Etat (RIFCE);24.05.2023
B 1 25;Loi sur le protocole (LProt);01.09.2011
B 1 25.01;Règlement sur le protocole (RProt);02.11.2011
B 1 30.12;Règlement pour la promotion de l'égalité et la prévention des violences (RPEPV);31.05.2023
B 1 40;Loi sur la médiation administrative (LMéd-GE);17.04.2015
B 2;Publications officielles et archives;
B 2 05;Loi sur la forme, la publication et la promulgation des actes officiels (LFPP);08.12.1956
B 2 05.01;Règlement d’exécution de la loi sur la forme, la publication et la promulgation des actes officiels (RFPP);15.01.1957
B 2 10;Loi sur la Feuille d’avis officielle de la République et canton de Genève (LFAO);29.11.2013
B 2 10.01;Règlement sur la Feuille d'avis officielle de la République et canton de Genève (RFAO);07.12.2016
B 2 15;Loi sur les archives publiques (LArch);01.12.2000
B 2 15.01;Règlement d’application de la loi sur les archives publiques (RArch);21.08.2001
B 2 15.03;Règlement fixant les tarifs des émoluments des Archives d'Etat de Genève (REmArch);20.08.2014
B 3;Pièces d’identité;
B 3 05.03;Règlement relatif aux documents d'identité (RDId);05.02.2003
B 3 15.04;Règlement relatif à la légalisation des signatures (RLS);20.11.1953
B 3 20.03;Règlement relatif à la signature des actes authentiques et autres actes concernant le domaine immobilier (RSAA);28.11.2007
B 3 25.04;Règlement sur les cartes de légitimation attestant un pouvoir d’autorité (RCLég);25.07.2012
B 4;Organisation de l’administration;
B 4 05.10;Règlement sur l’organisation de l’administration cantonale (ROAC);01.06.2023
B 4 05.14;Règlement sur les secrétaires généraux de départements et le collège des secrétaires généraux (RSGC);31.05.1966
B 4 05.20;Règlement sur l’ouverture des bureaux de l’administration cantonale (ROBAC);22.05.1962
B 4 05.22;Règlement de l’office du personnel (ROPE);14.03.1952
B 4 10.03;Règlement sur les émoluments de l’administration cantonale (REmAC);15.09.1975
B 4 20.03;Règlement de la centrale commune d'achats (RCCA);21.01.2004
B 4 23;Loi sur l'administration en ligne (LAeL);23.09.2016
B 4 23.01;Règlement sur l'administration en ligne (RAeL);26.06.2019
B 4 23.03;Règlement sur l’organisation et la gouvernance des systèmes d’information et de communication (ROGSIC);26.06.2013
B 4 25.04;Règlement concernant les inventaires et l’assurance-incendie des biens de l’Etat (RInv);10.04.1991
B 4 30.08;Règlement concernant la protection de la santé et la sécurité du travail au sein de l’administration cantonale (RPST);28.07.1999
B 4 38;Loi sur la publicité relative aux biens immobiliers des personnes morales de droit public (LPBI);03.12.1992
B 4 40;Loi sur la statistique publique cantonale (LStat);24.01.2014
B 4 40.01;Règlement d’exécution de la loi sur la statistique publique cantonale (RStat);19.11.2014
B 4 40.03;Règlement relatif à la mise en œuvre de la législation fédérale sur le registre fédéral des bâtiments et des logements (RRegBL);04.11.2020
B 4 40.05;Règlement sur les émoluments requis pour les prestations de l’office cantonal de la statistique (REmStat);09.04.2008
B 5;Statuts, traitements et retraite;
B 5 05;Loi générale relative au personnel de l’administration cantonale, du pouvoir judiciaire et des établissements publics médicaux (LPAC);04.12.1997
B 5 05.01;Règlement d’application de la loi générale relative au personnel de l’administration cantonale, du pouvoir judiciaire et des établissements publics médicaux (RPAC);24.02.1999
B 5 05.03;Règlement sur les cadres supérieurs de l’administration cantonale (RCSAC);22.12.1975
B 5 05.06;Règlement sur les cadres intermédiaires de l’administration cantonale (RCIAC);23.09.1981
B 5 05.09;Règlement concernant les prestations complémentaires aux magistrats et aux membres du personnel de l’Etat en cas d’accidents (RPPE);21.12.1983
B 5 05.10;Règlement relatif à la protection de la personnalité à l’Etat de Genève (RPPers);12.12.2012
B 5 05.11;Règlement pour l'égalité et la prévention des discriminations en raison du sexe, de l'orientation sexuelle et de l'identité de genre (REgal);13.09.2017
B 5 05.13;Règlement sur le télétravail dans l'administration cantonale (RTAC);29.06.2022
B 5 05.15;Règlement concernant la responsabilité des caissiers des services de l’administration cantonale (RRCS);10.04.1991
B 5 05.18;Règlement fixant le statut des membres du personnel exerçant des fonctions manuelles (RStFM);21.06.1976
B 5 07;Loi sur la protection des lanceurs d’alerte au sein de l’Etat (LPLA);29.01.2021
B 5 07.01;Règlement d'application de la loi sur la protection des lanceurs d'alerte au sein de l'Etat (RPLA);16.03.2022
B 5 10.04;Règlement fixant le statut des membres du corps enseignant primaire, secondaire et tertiaire B (RStCE);12.06.2002
B 5 10.17;Règlement fixant le statut du corps enseignant HES de l’unité décentralisée de Neuchâtel de la Haute école de musique – Conservatoire supérieur de musique de Genève (RStCE-HES-MNE);17.06.2009
B 5 15;Loi concernant le traitement et les diverses prestations alloués aux membres du personnel de l’Etat, du pouvoir judiciaire et des établissements hospitaliers (LTrait);21.12.1973
B 5 15.01;Règlement d’application de la loi concernant le traitement et les diverses prestations alloués aux membres du personnel de l’Etat, du pouvoir judiciaire et des établissements hospitaliers (RTrait);17.10.1979
B 5 15.04;Règlement instituant une commission de réexamen en matière d’évaluation des fonctions (RComEF);07.04.1982
B 5 15.10;Règlement relatif au traitement des membres du personnel enseignant non nommé (RTrEns);26.02.2003
B 5 15.13;Règlement relatif aux indemnités du corps enseignant et des présidents de conférence (RICEPC);29.09.2010
B 5 15.20;Règlement relatif à l’adaptation des traitements au coût de la vie (RATCV);18.12.2024
B 5 15.22;Règlement relatif à l’allocation unique de vie chère (RAUVC);19.02.2025
B 5 15.24;Règlement fixant les débours, frais de représentation et de déplacement et autres dépenses en faveur du personnel de l’administration cantonale (RDébours);21.02.2007
B 5 15.30;Règlement instituant des commissions du personnel au sein de l’administration cantonale (RComPers);10.06.1996
B 5 15.34;Règlement instituant une commission paritaire chargée d’examiner l’amélioration générale des prestations offertes aux usagers des établissements publics médicaux (RComPrest);09.10.1991
B 5 20;Loi sur la rente-pont AVS (LRP);03.10.2013
B 5 22;Loi instituant la Caisse de prévoyance de l’Etat de Genève (LCPEG);14.09.2012
B 5 22.05;Règlement d’application de l’article 23 de la loi instituant la Caisse de prévoyance de l’Etat de Genève (RCPEG-23);26.06.2013
B 5 30;Loi concernant l’adaptation au coût de la vie des pensions servies aux retraités et pensionnés de l’Etat, des établissements hospitaliers et des caisses de prévoyance (LACVP);26.04.1979
B 5 33;Loi sur la Caisse de prévoyance des fonctionnaires de police et des établissements pénitentiaires (LCPFP);04.10.2013
B 5 35;Loi concernant un pont-retraite en faveur du personnel assuré par la Caisse de prévoyance des fonctionnaires de police et des établissements pénitentiaires (LPRCP);03.12.2010
B 5 40;Loi concernant la Fondation de prévoyance en faveur du personnel des Transports publics genevois (LFPTPG);29.11.2013
B 6;Organisation des communes;
B 6 05;Loi sur l’administration des communes (LAC);13.04.1984
B 6 05.01;Règlement d’application de la loi sur l’administration des communes (RAC);26.04.2017
B 6 05.06;Règlement concernant l’écharpe des maires, conseillers administratifs et adjoints des communes (REchM);26.05.1976
B 6 08;Loi sur le renforcement de la péréquation financière intercommunale et le développement de l’intercommunalité (LRPFI);03.04.2009
B 6 08.01;Règlement d’application de la loi sur le renforcement de la péréquation financière intercommunale et le développement de l’intercommunalité (RRPFI);18.11.2009
B 6 08.05;Statuts du Fonds intercommunal (StFI);03.04.2009
B 6 09;Loi sur la répartition entre le canton et les communes de la compensation verticale relative à la réforme fiscale et au financement de l’AVS (LRCV);31.01.2019
B 6 12;Loi sur les fusions de communes (LFusC);23.09.2016
C;Instruction publique, culture;
C 1;Instruction publique;
C 1 05;Concordat intercantonal sur la coordination scolaire (CICS);29.10.1970
C 1 05.0;Loi autorisant le Conseil d’Etat à adhérer au concordat intercantonal sur la coordination scolaire (L-CICS);07.05.1971
C 1 06;Accord intercantonal sur l’harmonisation de la scolarité obligatoire (HarmoS);14.06.2007
C 1 06.0;Loi autorisant le Conseil d’Etat à adhérer à l’accord intercantonal sur l’harmonisation de la scolarité obligatoire (L-HarmoS);18.12.2008
C 1 07;Convention scolaire romande (CSR);21.06.2007
C 1 07.0;Loi autorisant le Conseil d’Etat à adhérer à la convention scolaire romande (L-CSR);18.12.2008
C 1 08;Accord intercantonal sur la collaboration dans le domaine de la pédagogie spécialisée (AICPS);25.10.2007
C 1 08.0;Loi autorisant le Conseil d’Etat à adhérer à l’accord intercantonal sur la collaboration dans le domaine de la pédagogie spécialisée (L-AICPS);18.12.2008
C 1 10;Loi sur l’instruction publique (LIP);17.09.2015
C 1 10.03;Règlement d’application de certaines dispositions de la loi sur l’instruction publique (RIP);12.01.2011
C 1 10.04;Règlement d’application de l’article 106 de la loi sur l’instruction publique (RIP-106);09.06.2010
C 1 10.11;Règlement relatif à la construction, à la rénovation et à la transformation des locaux de l’enseignement primaire régulier et spécialisé (RCLEP);23.05.2018
C 1 10.18;Règlement relatif aux dispenses d’âge (RDAge);21.12.2011
C 1 10.21;Règlement de l’enseignement primaire (REP);07.07.1993
C 1 10.26;Règlement du cycle d’orientation (RCO);09.06.2010
C 1 10.31;Règlement de l'enseignement secondaire II et tertiaire B (REST);29.06.2016
C 1 10.32;Règlement sur le dispositif sport-art-études (RDSAE);26.08.2020
C 1 10.33;Règlement relatif à l'admission dans l'enseignement secondaire II (RAES-II);14.04.2021
C 1 10.34;Règlement relatif au service de l'accueil du degré secondaire II (RSADS-II);29.06.2016
C 1 10.35;Règlement relatif à la formation complémentaire à un titre du degré secondaire II dans le domaine de la santé (RFCSS);13.12.2017
C 1 10.40;Règlement concernant les prestations fournies à des tiers, les ventes et l’octroi de dons par les écoles professionnelles (RPTEP);27.07.2005
C 1 10.49;Règlement du centre de formation pré‑professionnelle (RCFPP);29.06.2016
C 1 10.50;Règlement du centre de formation professionnelle santé (RCFPSa);06.03.2024
C 1 10.51;Règlement du centre de formation professionnelle construction (RCFPC);29.06.2016
C 1 10.52;Règlement du centre de formation professionnelle technique (RCFPT);29.06.2016
C 1 10.53;Règlement du centre de formation professionnelle social (RCFPSo);06.03.2024
C 1 10.54;Règlement du centre de formation professionnelle services et hôtellerie / restauration (RCFPSHR);29.06.2016
C 1 10.55;Règlement du centre de formation professionnelle nature et environnement (RCFPNE);29.06.2016
C 1 10.57;Règlement du centre de formation professionnelle arts (RCFPA);28.06.2017
C 1 10.58;Règlement du centre de formation professionnelle commerce (RCFPCom);22.03.2023
C 1 10.69;Règlement relatif à l’école de culture générale pour adultes (RECGAd);25.05.2022
C 1 10.70;Règlement relatif à l'école de culture générale (RECG);01.02.2023
C 1 10.71;Règlement relatif à la formation gymnasiale au collège de Genève (RGymCG);29.06.2016
C 1 10.72;Règlement relatif à la formation au collège pour adultes Alice-Rivaz (RCAd);29.06.2016
C 1 10.74;Règlement relatif à la maturité professionnelle (RMatuPro);29.06.2016
C 1 10.83;Règlement relatif à l’enseignement privé (REPriv);10.05.2023
C 1 11;Loi sur la création de 2 fonds propres affectés pour chaque centre de formation professionnelle (LFPCFP);14.11.2014
C 1 12.05;Règlement sur la pédagogie spécialisée (RPSpéc);23.06.2021
C 1 15;Accord intercantonal sur la reconnaissance des diplômes de fin d’études (AIRD);18.02.1993
C 1 15.0;Loi autorisant le Conseil d’Etat à adhérer à l’accord intercantonal sur la reconnaissance des diplômes de fin d’études (L-AIRD);24.06.1994
C 1 19;Accord intercantonal sur l’harmonisation des régimes de bourses d’études (Concordat sur les bourses d’études) (CBE);18.06.2009
C 1 19.0;Loi autorisant le Conseil d’Etat à adhérer à l’accord intercantonal sur l’harmonisation des régimes de bourses d’études (Concordat sur les bourses d’études) (L-CBE);24.02.2012
C 1 20;Loi sur les bourses et prêts d’études (LBPE);17.12.2009
C 1 20.01;Règlement d’application de la loi sur les bourses et prêts d’études (RBPE);02.05.2012
C 1 20.08;Règlement concernant l’exonération partielle des écolages aux élèves des écoles accréditées pour l’enseignement de la musique, de la rythmique, de la danse et du théâtre (REPEM);22.03.2023
C 1 21;Accord intercantonal sur les Hautes écoles spécialisées à partir de 2005 (AHES);12.06.2003
C 1 21.0;Loi autorisant le Conseil d’Etat à adhérer à l’accord intercantonal sur les Hautes écoles spécialisées à partir de 2005 (L-AHES);02.12.2004
C 1 23;Convention intercantonale relative à la Haute école de théâtre de Suisse romande (CHETSR);31.05.2001
;;27.09.2001
C 1 23.0;Loi autorisant le Conseil d'Etat à adhérer à la Convention intercantonale relative à la Haute école de théâtre de Suisse romande (L-CHETSR);26.06.2003
C 1 24;Accord intercantonal sur le domaine suisse des hautes écoles (concordat sur les hautes écoles) (CHE);20.06.2013
C 1 24.0;Loi autorisant le Conseil d’Etat à adhérer à l’accord intercantonal sur le domaine suisse des hautes écoles (L-CHE);10.10.2014
C 1 26;Loi sur la Haute école spécialisée de Suisse occidentale – Genève (LHES-SO-GE);29.08.2013
C 1 26.05;Règlement sur le statut des membres du conseil de direction de la Haute école spécialisée de Suisse occidentale – Genève (RStCDHES-SO-GE);26.03.2014
C 1 27;Convention intercantonale sur la Haute école spécialisée de Suisse occidentale (CHES-SO);26.05.2011
C 1 27.0;Loi autorisant le Conseil d’Etat à adhérer à la convention intercantonale sur la Haute école spécialisée de Suisse occidentale (L-CHES-SO);16.03.2012
C 1 28;Convention intercantonale relative au contrôle parlementaire sur la Haute école spécialisée de Suisse occidentale (CCPHES-SO);27.09.2002
C 1 28.0;Loi autorisant le Conseil d'Etat à adhérer à la convention intercantonale relative au contrôle parlementaire sur la Haute école spécialisée de Suisse occidentale (L-CCPHES-SO);28.02.2003
C 1 30;Loi sur l’université (LU);13.06.2008
C 1 30.10;Règlement sur le rectorat de l'Université de Genève (RRU);16.03.2009
C 1 30.15;Règlement sur la collaboration hospitalo-universitaire et le statut du corps professoral (RCHU);19.01.2011
C 1 32;Accord intercantonal sur les contributions aux coûts de formation des hautes écoles universitaires (accord intercantonal universitaire) (AIU);27.06.2019
C 1 32.0;Loi autorisant le Conseil d’Etat à adhérer à l’accord intercantonal sur les contributions aux coûts de formation des hautes écoles universitaires (accord intercantonal universitaire) (L-AIU);04.11.2022
C 1 36;Accord intercantonal sur les contributions dans le domaine des écoles supérieures (AES);22.03.2012
C 1 36.0;Loi autorisant le Conseil d'Etat à adhérer à l'accord intercantonal sur les contributions dans le domaine des écoles supérieures (L-AES);07.06.2013
C 1 40;Loi concernant la fondation de la faculté autonome de théologie protestante (LFTP);02.11.1927
C 1 45;Loi concernant la création d’un groupe multidisciplinaire chargé de l’étude, de l’enseignement introductif et de l’information sur les médecines non conventionnelles (LGMNC);10.04.1992
C 1 50;Loi sur le sport (LSport);14.03.2014
C 1 50.01;Règlement d'application de la loi sur le sport (RSport);01.04.2015
C 1 50.04;Règlement concernant l'octroi de subventions en faveur de l'activité physique et sportive des populations à besoins spécifiques et des très jeunes enfants (RSAPS);13.11.2019
C 2;Formation professionnelle;
C 2 05;Loi sur la formation professionnelle (LFP);15.06.2007
C 2 05.01;Règlement d’application de la loi sur la formation professionnelle (RFP);17.03.2008
C 2 05.26;Règlement relatif à la formation commerciale pour porteurs de maturité menant au diplôme cantonal d’assistant en gestion et en administration (RFCAGA);29.06.2016
C 2 06;Accord intercantonal sur les contributions dans le domaine de la formation professionnelle initiale (accord sur les écoles professionnelles) (AEPr);22.06.2006
C 2 06.0;Loi autorisant le Conseil d’Etat à adhérer à l'accord intercantonal sur les contributions dans le domaine de la formation professionnelle initiale (accord sur les écoles professionnelles) (L-AEPr);25.05.2007
C 2 08;Loi sur la formation continue des adultes (LFCA);18.05.2000
C 2 08.01;Règlement d'application de la loi sur la formation continue des adultes (RFCA);13.12.2000
C 2 10;Loi sur l'information et l'orientation scolaires et professionnelles (LIOSP);15.06.2007
C 2 10.01;Règlement d'application de la loi sur l’information et l’orientation scolaires et professionnelles (RIOSP);10.03.2008
C 3;Culture;
C 3 05;Loi pour la promotion de la culture et de la création artistique (LPCCA);23.06.2023
C 3 05.01;Règlement d’application de la loi sur la culture (RCulture);13.05.2015
C 3 09;Loi relative au Fonds cantonal d’art contemporain (LFCAC);07.05.2010
C 3 10;Loi sur l’Institut national genevois (LING);23.12.1958
C 3 20.04;Règlement sur l’administration de l’observatoire (RObs);09.11.1954
C 3 20.08;Règlement relatif au dépôt et à la comparaison des chronomètres à l’observatoire de Genève (RDCObs);11.11.1952
C 3 20.12;Règlement relatif aux émoluments pour les travaux spéciaux, perçus par l’observatoire (REmObs);01.05.1956
D;Finances et contributions;
D 1;Organisation;
D 1 05;Loi sur la gestion administrative et financière de l’Etat (LGAF);04.10.2013
D 1 05.04;Règlement sur la planification financière et le contrôle budgétaire (RPFCB);20.08.2014
D 1 05.06;Règlement sur la planification et la gestion financière des investissements (RPGFI);23.07.2014
D 1 05.10;Règlement sur la gestion des risques (RGR);18.09.2013
D 1 05.12;Règlement sur le contentieux pécuniaire de l’Etat de Genève (RCPéc);09.12.2015
D 1 05.15;Règlement sur l’établissement des états financiers (REEF);10.12.2014
D 1 05.20;Règlement sur la trésorerie de l'Etat (RTE);06.11.2013
D 1 06;Loi sur le financement de la solidarité internationale (LFSI);04.10.2001
D 1 06.01;Règlement d’application de la loi sur le financement de la solidarité internationale (RFSI);19.06.2002
D 1 09;Loi sur la surveillance de l’Etat (LSurv);13.03.2014
D 1 09.01;Règlement d’application de la loi sur la surveillance de l’Etat (RSurv);26.07.2017
D 1 11;Loi sur les indemnités et les aides financières (LIAF);15.12.2005
D 1 11.01;Règlement d'application de la loi sur les indemnités et les aides financières (RIAF);20.06.2012
D 1 13;Loi concernant le traitement et la retraite des magistrates et magistrats de la Cour des comptes (LTRCC);03.03.2023
D 1 15;Loi sur la caisse des consignations de l’Etat (LCCE);09.07.1817
D 1 15.03;Règlement relatif aux taux d’intérêt de la caisse des consignations (RTICC);11.12.2024
D 1 20.04;Règlement concernant les rapports de la caisse de l’Etat avec les offices cantonaux des poursuites et des faillites (RCEOCPF);07.03.1893
D 1 25;Loi affectant le produit net des successions attribuées à l’Etat par l’article 466 du code civil au désendettement de l’Etat (LPSu);03.05.2007
D 1 30.04;Règlement concernant la répartition des produits du monopole de l’alcool et des naturalisations ainsi que de la part de l’Etat au droit des pauvres (RDPauvres);03.02.1928
D 1 35.05;Règlement relatif à la répartition du produit des amendes (RRPA);27.02.1951
D 1 40;Accord-cadre pour la collaboration intercantonale assortie d’une compensation des charges (ACI);24.06.2005
D 1 40.0;Loi portant adhésion de la République et canton de Genève à l’Accord-cadre pour la collaboration intercantonale assortie d’une compensation des charges (L-ACI);24.05.2007
D 2;Etablissements financiers et de crédit, emprunts;
D 2 05;Loi sur la Banque cantonale de Genève (LBCGe);24.06.1993
D 2 10;Loi sur la caisse publique de prêts sur gages (LCPG);07.10.2005
D 2 20;Loi générale relative à la garantie de l'Etat pour les institutions de prévoyance publiques cantonales (LGar);17.03.2006
D 3;Impôts et taxes;
D 3 05;Loi générale sur les contributions publiques (LCP);09.11.1887
D 3 05.04;Règlement d’application de diverses dispositions de la loi générale sur les contributions publiques (RDLCP);30.12.1958
D 3 05.12;Règlement d’application de l’article 110A de la loi générale sur les contributions publiques (RCP‑110A);25.06.1937
D 3 05.16;Règlement concernant l’adaptation de certaines contributions au coût de la vie (RACV);13.10.1993
D 3 05.20;Règlement concernant le calcul de la capacité financière des communes (RCFC);03.04.1974
D 3 05.30;Arrêté approuvant le nombre des centimes additionnels à percevoir pour l’année 2024 par les communes du canton de Genève (ArCA-2024);13.03.2024
D 3 06;Loi relative à la diminution de l’impôt sur le revenu des personnes physiques (LDIRPP);26.09.1999
D 3 07;Loi sur les centimes additionnels cantonaux (LCACant);13.09.2019
D 3 08;Loi sur l’imposition des personnes physiques (LIPP);27.09.2009
D 3 08.01;Règlement d’application de la loi sur l’imposition des personnes physiques (RIPP);13.01.2010
D 3 08.05;Règlement relatif à la compensation des effets de la progression à froid (RCEPF);11.12.2024
D 3 08.07;Règlement concernant la déduction en cas d’activité des 2 conjoints pour les périodes fiscales 2001 à 2009 (RDAC – 2001-2009);01.12.2010
D 3 08.08;Règlement relatif à la valeur locative (RVL);31.10.2018
D 3 08.10;Règlement provisoire relatif à l’imposition d’après la dépense selon le droit fédéral harmonisé (RPLDD);16.12.2015
D 3 10;Loi sur les estimations fiscales de certains immeubles (LEFI);04.11.2022
D 3 15;Loi sur l’imposition des personnes morales (LIPM);23.09.1994
D 3 17;Loi de procédure fiscale (LPFisc);04.10.2001
D 3 17.05;Règlement d’application de l’article 12, alinéa 1, lettre k, de la loi de procédure fiscale (RPFisc-12);21.03.2018
D 3 17.07;Règlement d'application de l'article 29A de la loi de procédure fiscale (RPFisc-29A);28.02.2024
D 3 18;Loi relative à la perception et aux garanties des impôts des personnes physiques et des personnes morales (LPGIP);26.06.2008
D 3 18.01;Règlement relatif à la perception et aux garanties des impôts des personnes physiques et des personnes morales (RPGIP);01.12.2008
D 3 18.03;Règlement concernant la remise en matière d’impôts directs (RRID);08.12.2008
D 3 18.04;Règlement d’application des articles 7 et 28 de la loi relative à la perception et aux garanties des impôts des personnes physiques et des personnes morales (RPGIP-7-28);20.11.2024
D 3 19.03;Règlement fixant les émoluments de l’administration fiscale cantonale (REmAFC);29.08.2018
D 3 20;Loi sur l’imposition à la source des personnes physiques et morales (LISP);16.01.2020
D 3 20.01;Règlement d’application de la loi sur l’imposition à la source des personnes physiques et morales (RISP);30.09.2020
D 3 20.02;Règlement fixant les barèmes d'imposition à la source des personnes physiques et morales (RISP-Barèmes);25.11.2020
D 3 20.03;Règlement instituant une commission consultative en matière d’impôt à la source (RCIS);20.02.2008
D 3 25;Loi sur les droits de succession (LDS);26.11.1960
D 3 25.05;Règlement sur l’inventaire au décès (RInDé);23.12.1960
D 3 25.09;Barème pour le calcul des droits de succession (BCDS);08.02.2004
D 3 30;Loi sur les droits d’enregistrement (LDE);09.10.1969
D 3 30.03;Règlement d'application de l'article 8A de la loi sur les droits d'enregistrement (RDE);05.02.2025
D 3 35;Loi sur la dation en paiement (LDatP);01.12.1995
D 3 35.01;Règlement d’application de la loi sur la dation en paiement (RDatP);30.09.1996
D 3 40;Loi sur les mutations au registre foncier (LMRF);01.02.1841
D 3 45;Loi sur la constitution de réserves de crise par l’économie privée (LRCEP);08.03.1952
D 3 45.01;Règlement d’exécution de la loi sur la constitution de réserves de crise par l’économie privée (RRCEP);16.05.1952
D 3 50;Loi sur les allégements fiscaux pour les réserves de crise (LAFRC);16.12.1988
D 3 60;Concordat entre les cantons de la Confédération suisse sur l’interdiction des arrangements fiscaux (CIAF);10.12.1948
D 3 60.0;Loi autorisant le Conseil d’Etat à adhérer, au nom de la République et canton de Genève, au concordat entre les cantons de la Confédération suisse sur l’interdiction des arrangements fiscaux (L-CIAF);16.10.1959
D 3 70;Loi établissant le budget administratif de l’Etat de Genève pour l’exercice 2025 (LBu-2025);13.12.2024
D 3 80.04;Règlement d’application de diverses dispositions fiscales fédérales (RDDFF);30.12.1958
E;Droit civil et droit pénal, organisation judiciaire et procédure;
E 1;Droit civil et droit des obligations;
E 1 05;Loi d’application du code civil suisse et d’autres lois fédérales en matière civile (LaCC);11.10.2012
E 1 05.10;Règlement fixant le tarif des frais en matière civile (RTFMC);22.12.2010
E 1 05.15;Règlement fixant la rémunération des curateurs (RRC);27.02.2013
E 1 13;Loi sur l’état civil (LEC);19.12.1953
E 1 13.03;Règlement sur l’état civil (REC);29.11.2004
E 1 13.09;Règlement fixant le tarif des émoluments en matière de changement de nom et de prononcé d'adoption (REmNA);23.08.2023
E 1 16;Loi sur la surveillance des fondations de droit civil et des institutions de prévoyance (LSFIP);14.10.2011
E 1 21.02;Règlement d’application de l’ordonnance fédérale sur l’activité à titre professionnel de mandataire visant à la conclusion d’un mariage ou à l’établissement d’un partenariat stable entre des personnes venant de l’étranger ou s’y rendant (ROAMCM);15.12.1999
E 1 25;Loi sur l’avance et le recouvrement des pensions alimentaires (LARPA);22.04.1977
E 1 25.01;Règlement d’application de la loi sur l’avance et le recouvrement des pensions alimentaires (RARPA);30.03.2022
E 1 27;Loi sur le partenariat (LPart-GE);15.02.2001
E 1 27.01;Règlement d'application de la loi sur le partenariat (RPart-GE);04.12.2013
E 1 40;Loi concernant la vente d’objets abandonnés sur les terrains de l’Etat (LVOA);12.01.1861
E 1 40.03;Règlement concernant les objets trouvés (RObjT);20.12.1989
E 1 43;Loi d’application de la loi fédérale sur l’acquisition d’immeubles par des personnes à l’étranger (LaLFAIE);20.06.1986
E 1 46;Loi sur la géoinformation (LGéo-GE);21.06.2024
E 1 46.01;Règlement sur la géoinformation (RGéo-GE);15.01.2025
E 1 50.04;Règlement sur le registre foncier (RRF);29.05.2013
E 1 50.06;Règlement sur le tarif des émoluments de l’office du registre foncier et de la direction de l’information du territoire (REmORFDIT);22.06.2011
E 1 50.13;Règlement concernant les autorisations de construire dites « à bien plaire » (RACBP);18.08.1943
E 2;Organisation judiciaire et pouvoir judiciaire;
E 2 05;Loi sur l’organisation judiciaire (LOJ);26.09.2010
E 2 05.04;Règlement sur l’assistance juridique et l’indemnisation des conseils juridiques et défenseurs d’office en matière civile, administrative et pénale (RAJ);28.07.2010
E 2 05.05;Règlement relatif à la formation spécifique des juges assesseurs de la chambre des assurances sociales de la Cour de justice (RFCAS);26.01.2005
E 2 05.07;Règlement fixant le nombre de juges assesseurs à élire au Tribunal administratif de première instance (RNTAPI);08.02.2018
E 2 05.08;Règlement relatif aux juges assesseurs et aux juges suppléants du Tribunal de protection de l’adulte et de l’enfant (RJTPAE);31.10.2012
E 2 05.09;Règlement fixant le nombre de juges assesseurs à élire au Tribunal de protection de l'adulte et de l'enfant (RNTPAE);08.02.2018
E 2 05.10;Règlement de fonctionnement de la commission de gestion du pouvoir judiciaire de la République et canton de Genève (RCGPJ);18.09.2014
E 2 05.20;Règlement de fonctionnement du conseil supérieur de la magistrature (RFCSM);11.04.2011
E 2 05.30;Règlement de fonctionnement de la conférence des présidents de juridiction (RCPJ);06.10.2014
E 2 05.40;Règlement du Ministère public (RMinPub);20.05.2014
E 2 05.41;Règlement du Tribunal civil (RTC);02.06.2014
E 2 05.42;Règlement du Tribunal pénal (RTPén);27.06.2014
E 2 05.43;Règlement du Tribunal de protection de l’adulte et de l’enfant (RTPAE);06.06.2014
E 2 05.44;Règlement du Tribunal des prud’hommes (RTPH);22.05.2014
E 2 05.45;Règlement du Tribunal des mineurs (RTMin);16.06.2014
E 2 05.46;Règlement du Tribunal administratif de première instance (RTAPI);31.05.2023
E 2 05.47;Règlement de la Cour de justice (RCJ);20.06.2014
E 2 05.48;Règlement de la Cour d’appel du pouvoir judiciaire (RCAPJ);26.09.2014
E 2 05.50;Règlement du personnel du pouvoir judiciaire (RPPJ);05.11.2020
E 2 05.52;Règlement du pouvoir judiciaire sur l'accès aux documents et aux données personnelles (RADPJ);01.11.2021
E 2 05.53;Règlement sur la communication du pouvoir judiciaire (RComPJ);12.01.2017
E 2 05.54;Règlement sur l'audit interne du pouvoir judiciaire de la République et canton de Genève (RAIPJ);18.03.2021
E 2 05.60;Règlement relatif aux interprètes et traducteurs mis en œuvre par le pouvoir judiciaire (RITPJ);29.10.2015
E 2 20.03;Règlement relatif à l’élection de certains membres du conseil supérieur de la magistrature (REMCSM);08.06.1998
E 2 40;Loi concernant le traitement et la retraite des magistrats du pouvoir judiciaire (LTRPJ);29.11.2013
E 2 40.03;Règlement concernant les indemnités allouées à divers magistrates et magistrats du pouvoir judiciaire, aux membres du Tribunal arbitral et aux membres du conseil supérieur de la magistrature (RIPJ);25.04.2012
E 3;Procédure civile;
E 3 05.17;Règlement relatif à la surveillance d’objets provenant d’évacuation (RSOE);28.12.1858
E 3 10;Loi sur le Tribunal des prud’hommes (LTPH);11.02.2010
E 3 10.03;Règlement sur la formation des juges et présidents du Tribunal des prud'hommes (RFTPH);20.05.2014
E 3 15;Loi organisant la commission de conciliation en matière de baux et loyers (LCCBL);28.11.2010
E 3 60;Loi d’application de la loi fédérale sur la poursuite pour dettes et la faillite (LaLP);29.01.2010
E 3 60.03;Règlement fixant le tarif des frais en matière d'assistance des communes pour la notification des actes de poursuite (RTFACAP);19.10.2022
E 3 60.04;Normes d'insaisissabilité pour l'année 2025 (NI-2025);09.12.2024
E 4;Droit pénal et procédure pénale;
E 4 05;Loi pénale genevoise (LPG);17.11.2006
E 4 05.03;Règlement sur la salubrité et la tranquillité publiques (RSTP);20.12.2017
E 4 10;Loi d’application du code pénal suisse et d’autres lois fédérales en matière pénale (LaCP);27.08.2009
E 4 10.03;Règlement fixant le tarif des frais en matière pénale (RTFMP);22.12.2010
E 4 10.04;Règlement d’exécution du code pénal suisse en matière d'interruption de grossesse non punissable (RCPIG);26.03.2003
E 4 10.06;Règlement concernant les modalités de signature des ordonnances pénales rendues par le service des contraventions (RMSOP);04.12.2024
E 4 10.15;Règlement de fonctionnement de la commission d'évaluation de la dangerosité (RComED);16.01.2014
E 4 55;Concordat sur l’exécution des peines privatives de liberté et des mesures concernant les adultes et les jeunes adultes dans les cantons latins (concordat latin sur la détention pénale des adultes) (CLDPA);10.04.2006
E 4 55.0;Loi autorisant le Conseil d’Etat à adhérer au concordat sur l’exécution des peines privatives de liberté et des mesures concernant les adultes et les jeunes adultes dans les cantons latins (concordat latin sur la détention pénale des adultes) (L-CLDPA);13.10.2006
E 4 55.04;Règlement concernant la liste des établissements pour l'exécution des privations de liberté à caractère pénal (détention avant jugement, peines et mesures, respectivement sanctions pénales en force ou subies à titre anticipé) (règlement sur les établissements) (RLEPLP);29.10.2010
E 4 55.05;Règlement sur l’exécution des peines et mesures (REPM);19.03.2014
E 4 55.07;Règlement sur l'exécution des peines sous la forme de la semi-détention (RSD);30.03.2017
E 4 55.09;Règlement sur l'exécution des peines sous la forme du travail d’intérêt général (RTIG);30.03.2017
E 4 55.11;Règlement sur l'exécution des peines privatives de liberté sous surveillance électronique (RSE);30.03.2017
E 4 55.13;Règlement sur les formes alternatives d'exécution des peines (RFAEP);13.12.2017
E 4 55.15;Règlement concernant l'octroi d'autorisations de sortie aux personnes condamnées adultes et jeunes adultes (RASPCA);31.10.2013
E 4 55.17;Règlement sur le processus latin d’exécution des sanctions orientée vers le risque et les ressources (RPLESORR);02.11.2023
E 4 58;Concordat sur l'exécution de la détention pénale des personnes mineures des cantons romands (et partiellement du Tessin) (CEDPM);24.03.2005
E 4 58.0;Loi autorisant le Conseil d'Etat à adhérer au concordat sur l'exécution de la détention pénale des personnes mineures des cantons romands (et partiellement du Tessin) (L-CEDPM);22.09.2006
E 4 58.01;Règlement concernant le concordat sur l'exécution de la détention pénale des personnes mineures des cantons romands (et partiellement du Tessin) (REDPM);02.11.2016
E 4 58.03;Règlement sur le droit disciplinaire applicable aux personnes détenues pénalement ou placées dans des établissements fermés pour mineurs (RDDPDM);31.10.2013
E 4 58.05;Règlement concernant l’octroi d’autorisations de sortie aux personnes condamnées mineures (RASPCM);31.10.2013
E 4 60;Loi sur les mesures visant à promouvoir la sécurité des minorités ayant un besoin de protection particulier (LSMP);17.11.2023
E 4 70;Loi sur la création d’un fonds destiné à la lutte contre la drogue et à la prévention de la toxicomanie (LFLD);26.05.1994
E 5;Procédure administrative;
E 5 10;Loi sur la procédure administrative (LPA);12.09.1985
E 5 10.03;Règlement sur les frais, émoluments et indemnités en procédure administrative (RFPA);30.07.1986
E 6;Professions juridiques;
E 6 05;Loi sur le notariat (LNot);25.11.1988
E 6 05.01;Règlement d’exécution de la loi sur le notariat (RNot);11.12.1989
E 6 05.03;Règlement sur les émoluments des notaires (REmNot);22.05.1985
E 6 10;Loi sur la profession d’avocat (LPAv);26.04.2002
E 6 10.01;Règlement d’application de la loi sur la profession d’avocat (RPAv);07.12.2010
E 6 15;Loi sur la profession d’huissier judiciaire (LHJ);19.03.2010
E 6 15.04;Règlement sur l’exercice de la profession d’huissier judiciaire (RHJ);03.07.1964
E 6 15.06;Règlement fixant le tarif des émoluments des huissiers judiciaires (REmHJ);31.10.1984
E 6 25;Loi sur la médiation (LMédiation);27.01.2023
E 6 25.03;Règlement relatif aux médiatrices et médiateurs assermentés (RMA);10.05.2023
E 6 25.04;Règlement relatif au dispositif d'encouragement à la médiation (RDEM);11.01.2024
F;Police;
F 1;Organisation de la police;
F 1 05;Loi sur la police (LPol);09.09.2014
F 1 05.01;Règlement sur l’organisation de la police (ROPol);21.12.2022
F 1 05.07;Règlement général sur le personnel de la police (RGPPol);26.06.2024
F 1 05.08;Règlement sur l'organe de médiation indépendante entre la population et la police (RMIPP);24.02.2016
F 1 05.15;Règlement sur les émoluments et frais des services de police (REmPol);24.08.2016
F 1 05.18;Règlement concernant les chiens de police (RChPol);26.05.1953
F 1 05.24;Règlement relatif aux soins médicaux des fonctionnaires de police et de la prison (RSMPP);06.12.1993
F 1 07;Loi sur les agents de la police municipale, les contrôleurs municipaux du stationnement et les gardes auxiliaires des communes (LAPM);20.02.2009
F 1 07.01;Règlement sur les agents de la police municipale (RAPM);28.10.2009
F 1 10;Concordat du 3 avril 2014 réglant la coopération en matière de police en Suisse romande (CCPSR);03.04.2014
F 1 10.0;Loi autorisant le Conseil d'Etat à adhérer au concordat du 3 avril 2014 réglant la coopération en matière de police en Suisse romande (L-CCPSR);23.09.2016
F 1 15;Convention relative aux transports de police (CTPol);23.06.1909
F 1 15.0;Loi approuvant la convention relative aux transports de police (L-CTPol);15.01.1908
F 1 20;Convention sur les frais d’interventions de police extracantonales selon l’article 16 de la Constitution fédérale (CFIP);05.04.1979
F 1 25;Loi sur les renseignements et les dossiers de police et la délivrance des certificats de bonne vie et mœurs (LCBVM);29.09.1977
F 1 25.01;Règlement d’application de la loi sur les renseignements et les dossiers de police et la délivrance des certificats de bonne vie et mœurs (RCBVM);12.12.1977
F 1 30;Loi sur les violences domestiques (LVD);16.09.2005
F 1 50;Loi sur l’organisation des établissements et le statut du personnel pénitentiaires (LOPP);03.11.2016
F 1 50.01;Règlement sur l'organisation des établissements et le statut du personnel pénitentiaires (ROPP);22.02.2017
F 1 50.04;Règlement sur le régime intérieur de la prison et le statut des personnes incarcérées (RRIP);30.09.1985
F 1 50.06;Règlement relatif à l’identification des détenus (RID);27.01.1956
F 1 50.08;Règlement relatif aux établissements ouverts ou fermés d’exécution des peines et des sanctions disciplinaires (REPSD);25.07.2007
F 1 50.09;Règlement fixant les indemnités pour la direction et le personnel de surveillance des établissements de détention (RIED);31.10.2012
F 1 50.15;Règlement de l'établissement de Curabilis (RCurabilis);19.03.2014
F 1 50.24;Règlement du centre éducatif de détention et d'observation de la Clairière (RClairière);03.11.2004
F 1 51;Loi sur le convoyage et la surveillance des détenus hors des établissements pénitentiaires (LCSD);18.10.2019
F 1 51.03;Règlement sur la brigade de sécurité et des audiences (RBSA);18.04.2018
F 1 52;Loi sur la planification pénitentiaire (LPPén);24.03.2023
F 2;Séjour et établissements, police des étrangers, recensement;
F 2 05;Loi sur le séjour et l’établissement des Confédérés (LSEC);28.08.2008
F 2 05.01;Règlement d’application de la loi sur le séjour et l’établissement des Confédérés (RSEC);18.08.2009
F 2 10;Loi d’application de la loi fédérale sur les étrangers (LaLEtr);16.06.1988
F 2 10.01;Règlement d'application de la loi fédérale sur les étrangers (RaLEtr);09.03.2009
F 2 10.02;Règlement d’application de l’ordonnance fédérale sur la libre circulation des personnes (RaOLCP);28.06.2006
F 2 12;Concordat sur l’exécution de la détention administrative à l’égard des étrangers (CEDA);04.07.1996
F 2 12.0;Loi d’approbation du concordat sur l’exécution de la détention administrative à l’égard des étrangers (L-CEDA);19.06.1997
F 2 12.04;Règlement de la Conférence romande des chefs de département compétents en matière de police des étrangers concernant la Fondation romande de détention LMC (RCRLMC);03.05.2000
F 2 12.08;Règlement de l’établissement concordataire de détention administrative de Frambois (RFrambois);08.04.2004
F 2 12.09;Règlement de l'établissement de détention administrative de Favra (RFavra);01.11.2017
F 2 15;Loi d’application de la loi fédérale sur l’asile (LaLAsi);18.12.1987
F 2 15.04;Règlement d'exécution concernant les mesures de réquisition d'immeubles en mains publiques aux fins d'héberger des personnes migrantes (RRIMPM);26.07.2017
F 2 20.08;Règlement relatif à la délivrance de renseignements et de documents, ainsi qu’à la perception de diverses taxes, par l’office cantonal de la population et des migrations et les communes (RDROCPMC);23.01.1974
F 2 25;Loi d’application de la loi fédérale sur l’harmonisation des registres des habitants et d’autres registres officiels de personnes (LaLHR);03.04.2009
F 3;Police de la rue et autres lieux publics;
F 3 10;Loi sur les manifestations sur le domaine public (LMDPu);26.06.2008
F 3 10.01;Règlement d’exécution de la loi sur les manifestations sur le domaine public (RMDPu);15.10.2008
F 3 17;Loi concernant la facturation des frais de sécurité lors de manifestations (LFFSM);14.10.2016
F 3 17.01;Règlement d’application de la loi concernant la facturation des frais de sécurité lors de manifestations (RFFSM);08.02.2017
F 3 18;Concordat instituant des mesures contre la violence lors de manifestations sportives (CMVMS);15.11.2007
F 3 18.0;Loi autorisant le Conseil d’Etat à adhérer au concordat instituant des mesures contre la violence lors de manifestations sportives (L-CMVMS);10.10.2008
F 3 18.02;Règlement d'application du concordat instituant des mesures contre la violence lors de manifestations sportives (R-CMVMS);13.01.2010
F 3 20;Loi sur les procédés de réclame (LPR);09.06.2000
F 3 20.01;Règlement d'application de la loi sur les procédés de réclame (RPR);11.10.2000
F 3 20.03;Règlement fixant le tarif des procédés de réclame (RTPR);11.10.2000
F 3 30.03;Règlement sur les bains publics (RBains);12.04.1929
F 3 30.04;Règlement de la plage publique des Eaux-Vives (RPEV);12.10.2022
F 4;Police du feu;
F 4 05;Loi sur la prévention des sinistres, l’organisation et l’intervention des sapeurs-pompiers (LPSSP);30.10.2020
F 4 05.01;Règlement d’application de la loi sur la prévention des sinistres, l’organisation et l’intervention des sapeurs-pompiers (RPSSP);25.07.1990
F 4 05.08;Règlement fixant le tarif des émoluments applicables aux interventions effectuées par l’office cantonal de la protection de la population et des affaires militaires et la direction de l’inspectorat de la construction (REmFeu);21.01.1991
F 4 15;Loi sur les caisses de secours des sapeurs-pompiers (LCSSP);22.03.1899
F 4 15.01;Règlement sur les caisses de secours et primes d’ancienneté des sapeurs-pompiers des trois arrondissements ruraux du canton de Genève : lac et Arve, Arve et Rhône, Rhône et lac (RCSSP);09.09.1981
G;Militaire, protection civile et défense générale;
G 1;Service militaire;
G 1 05;Loi d’application des dispositions fédérales sur la taxe d’exemption de l’obligation de servir (LaTE);14.01.1961
G 1 05.03;Règlement concernant l’application des prescriptions fédérales et cantonales sur la taxe d’exemption de l’obligation de servir (RaTE);17.08.2022
G 1 10.02;Règlement d’application des prescriptions fédérales sur le tir hors du service (RaTHS);22.10.1997
G 1 25.03;Règlement sur le corps de musique officiel de l'Etat de Genève (RCMO);17.12.2014
G 1 50;Loi cantonale sur le service civil (LCSC);27.06.2002
G 2;Protection civile;
G 2 05;Loi d’application des dispositions fédérales en matière de protection civile (LProCi);09.10.2008
G 2 05.01;Règlement d’exécution de la loi d’application des dispositions fédérales en matière de protection civile (RProCi);26.08.2009
G 2 10.02;Règlement d’application des dispositions fédérales sur la protection des biens culturels en cas de conflit armé (RaPBC);27.10.1976
G 3;Défense générale;
G 3 02.02;Règlement d’application de la loi fédérale sur l’approvisionnement économique du pays (RaLAEP);17.11.2004
G 3 03;Loi d’application des dispositions fédérales en matière de protection de la population (LProPop);23.05.2008
G 3 03.04;Règlement sur l'organisation en cas de catastrophe et de situation exceptionnelle (RORCA-GE);06.12.2017
G 3 10;Loi sur le service sanitaire coordonné (LSSC);14.02.1980
H;Transports et communications;
H 1;Circulation;
H 1 05;Loi d’application de la législation fédérale sur la circulation routière (LaLCR);18.12.1987
H 1 05.01;Règlement d’exécution de la loi d’application de la législation fédérale sur la circulation routière (RaLCR);30.01.1989
H 1 05.08;Règlement sur les émoluments de l’office cantonal des véhicules (REmOCV);15.12.1982
H 1 05.12;Règlement sur le service cantonal de la fourrière des véhicules (RSCFV);29.09.1986
H 1 05.16;Règlement sur les patrouilleurs et patrouilleuses scolaires adultes (RPSA);05.05.1993
H 1 10.03;Règlement concernant la circulation et le stationnement des véhicules sur les terrains privés (RCSV);26.07.1961
H 1 13;Loi sur la Fondation des parkings (LFPark);17.05.2001
H 1 20;Loi sur la mobilité (LMob);23.09.2016
H 1 21;Loi pour une mobilité cohérente et équilibrée (LMCE);05.06.2016
H 1 21.03;Règlement relatif aux plans de mobilité d'entreprises (RPMob);16.06.2021
H 1 31;Loi sur les taxis et les voitures de transport avec chauffeur (LTVTC);28.01.2022
H 1 31.01;Règlement d'exécution de la loi sur les taxis et les voitures de transport avec chauffeur (RTVTC);19.10.2022
H 1 40.02;Règlement d’application de l’ordonnance fédérale sur les concessions pour le transport des voyageurs (RaOFCT);12.09.2001
H 1 50;Loi sur le réseau des transports publics (LRTP);17.03.1988
H 1 50.01;Règlement d’exécution de la loi sur le réseau des transports publics (RRTP);31.01.2018
H 1 55;Loi sur les Transports publics genevois (LTPG);21.11.1975
H 1 55.03;Règlement relatif aux conditions d'octroi des rabais sur les abonnements Unireso (RRUnireso);21.08.2024
H 1 55.04;Cahier des charges relatif à l’utilisation du domaine public en vue de l’exploitation des Transports publics genevois (CCTPG);07.01.2025
H 1 60;Loi sur le développement des infrastructures ferroviaires (LDIF-GE);27.01.2011
H 1 70;Loi sur les infrastuctures de transport issues du projet d’agglomération franco-valdo-genevois (LITAgglo);27.01.2011
H 1 80;Loi sur la mobilité douce (LMD);15.05.2011
H 1 80.01;Règlement sur la mobilité douce (RMD);27.11.2013
H 2;Navigation;
H 2 05;Loi sur la navigation dans les eaux genevoises (LNav);17.03.2006
H 2 05.01;Règlement d’application de la loi sur la navigation dans les eaux genevoises (RNav);18.04.2007
H 2 10;Loi sur la Compagnie générale de navigation sur le Lac Léman (LCGN);03.12.2010
H 2 15.03;Règlement concernant l’indication du poids sur les gros colis destinés à être transportés par bateaux (RPGCTB);02.10.1935
H 3;Navigation aérienne;
H 3 05.02;Règlement concernant l’exécution de la loi fédérale sur l’aviation (RaLA);09.11.1951
H 3 10;Loi sur la procédure en matière de zones de sécurité et de bruit (LZSB);23.02.1978
H 3 15.03;Règlement interdisant la descente des hydravions commerciaux sur la partie du lac de Genève entre le pont du Mont-Blanc et la Versoix (RHydr);23.01.1948
H 3 25;Loi sur l’Aéroport international de Genève (LAIG);10.06.1993
H 3 25.01;Règlement d’application de la loi sur l’Aéroport international de Genève (RAIG);13.12.1993
I;Commerce, industrie, arts et métiers, logement;
I 1;Commerce, industrie et tourisme;
I 1 05;Loi sur les heures d’ouverture des magasins (LHOM);15.11.1968
I 1 05.01;Règlement d’exécution de la loi sur les heures d’ouverture des magasins (RHOM);21.02.1969
I 1 10;Loi sur la concurrence déloyale, l'indication et la surveillance des prix et sur les jeux-concours publicitaires (LCDIPJ);03.05.1991
I 1 10.03;Règlement d’application des dispositions fédérales sur l’indication des prix (RaPrix);15.04.2015
I 1 15.04;Règlement d’application de la loi fédérale sur la métrologie (RaLMétr);21.12.2016
I 1 25;Loi relative à Timelab – Fondation du laboratoire d’horlogerie et de microtechnique de Genève (LTLHM);21.09.2018
I 1 25.04;Règlement concernant l’organisation du bureau de contrôle facultatif des montres de Genève, poinçon de Genève (RBCFM);22.12.1993
I 1 25.08;Règlement sur le contrôle facultatif des montres de Genève (RCFM);22.12.1993
I 1 35.02;Règlement d'application de la loi fédérale sur le commerce itinérant (RaLFCI);11.12.2002
I 1 36;Loi en faveur du développement de l’économie et de l’emploi (LDévEco);20.01.2000
I 1 36.03;Règlement instituant un conseil pour le développement de l'employabilité (RCDE);01.03.2023
I 1 37;Loi sur l'aide aux entreprises (LAE);01.12.2005
I 1 37.01;Règlement d'application de la loi sur l'aide aux entreprises (RAE);21.06.2023
I 1 40;Loi accordant le statut de « JEDI » aux jeunes entreprises développant des innovations (LJEDI);02.07.2010
I 1 50;Convention intercantonale sur la vente du sel en Suisse (CISel);22.11.1973
I 1 50.0;Loi concernant la convention intercantonale sur la vente du sel en Suisse (L-CISel);20.12.1974
I 1 51;Loi sur la vente du sel (LVS);02.02.1968
I 1 60;Loi sur le tourisme (LTour);24.06.1993
I 1 60.01;Règlement d’application de la loi sur le tourisme (RTour);22.12.1993
I 2;Professions et métiers divers;
I 2 03;Loi sur l’exercice des professions ou industries permanentes, ambulantes et temporaires (LEP);27.10.1923
I 2 03.04;Règlement concernant l’installation, l’exploitation et le contrôle des appareils automatiques (RIECA);01.07.1958
I 2 09;Loi sur le commerce d’objets usagés ou de seconde main (LCOU);16.06.1988
I 2 09.01;Règlement d’exécution de la loi sur le commerce d’objets usagés ou de seconde main (RCOU);26.10.1988
I 2 12;Loi sur les agentes et agents intermédiaires (LAInt);20.05.1950
I 2 12.01;Règlement d’exécution de la loi sur les agentes et agents intermédiaires (RAInt);31.10.1950
I 2 14;Concordat sur les entreprises de sécurité (CES);18.10.1996
I 2 14.0;Loi concernant le concordat sur les entreprises de sécurité (L-CES);02.12.1999
I 2 14.01;Règlement concernant le concordat sur les entreprises de sécurité (RCES);19.04.2000
I 2 18.02;Règlement d’application de la loi fédérale sur les armes, les accessoires d’armes et les munitions (RaLArm);21.12.1998
I 2 22;Loi sur la restauration, le débit de boissons, l’hébergement et le divertissement (LRDBHD);19.03.2015
I 2 22.01;Règlement d’exécution de la loi sur la restauration, le débit de boissons, l’hébergement et le divertissement (RRDBHD);28.10.2015
I 2 25;Loi sur la remise à titre gratuit et la vente à l'emporter de boissons alcooliques, de produits du tabac et de produits assimilés au tabac (LTGVEAT);17.01.2020
I 2 25.01;Règlement d'exécution de la loi sur la remise à titre gratuit et la vente à l'emporter de boissons alcooliques, de produits du tabac et de produits assimilés au tabac (RTGVEAT);03.02.2021
I 2 30;Loi sur les ventes volontaires aux enchères publiques (LVVE);24.06.1983
I 2 30.01;Règlement d’exécution de la loi sur les ventes volontaires aux enchères publiques (RVVE);19.10.1983
I 2 36;Loi instituant le dépôt légal (LIDL);19.05.1967
I 2 36.01;Règlement d’application de la loi instituant le dépôt légal (RIDL);25.02.1969
I 2 43;Loi sur les prêteurs professionnels, les prêts d’argent et l’octroi de crédits (LPrêt);24.10.2003
I 2 43.01;Règlement d'exécution de la loi sur les prêteurs professionnels, les prêts d’argent et l’octroi de crédits (RPrêt);28.05.2003
I 2 46;Loi sur les traducteurs-jurés (LTJ);07.06.2013
I 2 46.01;Règlement d’application de la loi sur les traducteurs-jurés (RTJ);24.07.2013
I 2 49;Loi sur la prostitution (LProst);17.12.2009
I 2 49.01;Règlement d’exécution de la loi sur la prostitution (RProst);14.04.2010
I 3;Spectacles, divertissements, jeux et loteries;
I 3 11;Loi d’application de la loi fédérale sur les jeux d’argent (LaLJAr);26.06.2020
I 3 13;Loi sur les maisons de jeu (LMJeu);13.09.2019
I 3 15.03;Règlement d’exécution de la loi fédérale sur les loteries et les paris professionnels, ainsi que sur la perception du droit des pauvres (RaLLP);09.05.1952
I 3 15.09;Règlement sur l’aide au sport (RASport);03.11.2010
I 3 16;Concordat sur les jeux d’argent au niveau suisse (CJA);20.05.2019
I 3 16.0;Loi autorisant le Conseil d’Etat à adhérer au concordat sur les jeux d’argent au niveau suisse (L-CJA);12.05.2020
I 3 17;Convention romande sur les jeux d’argent (CORJA);25.11.2019
I 3 17.0;Loi autorisant le Conseil d’Etat à adhérer à la convention romande sur les jeux d’argent (L-CORJA);12.05.2020
I 3 17.03;Règlement sur le Fonds de soutien genevois de la Loterie romande (RLoRo);03.03.2021
I 3 20.04;Règlement relatif à l’organisation de tirs aux armes à feu, à air comprimé, à traits ou à flèches (ROTA);14.03.1977
I 4;Logement;
I 4 05;Loi générale sur le logement et la protection des locataires (LGL);04.12.1977
I 4 05.01;Règlement d’exécution de la loi générale sur le logement et la protection des locataires (RGL);24.08.1992
I 4 06;Loi pour la construction de logements d’utilité publique (LUP);24.05.2007
I 4 06.01;Règlement d’exécution de la loi pour la construction de logements d’utilité publique (RUP);23.11.2009
I 4 07;Loi d’application de la loi fédérale sur les contrats-cadres de baux à loyer et leur déclaration de force obligatoire générale (LaLCBL);18.09.1997
I 4 10;Loi protégeant les garanties fournies par les locataires (LGFL);18.04.1975
I 4 10.01;Règlement d’exécution de la loi protégeant les garanties fournies par les locataires (RGFL);15.10.1986
I 4 40;Loi pour un plan d’urgence-logements (LPUL);21.06.1991
I 4 45.03;Règlement relatif à la consignation du loyer (RConsign);16.01.2019
I 4 45.06;Règlement relatif à la pénurie en matière d’habitations et de locaux commerciaux (RPHLC);27.06.1990
I 4 45.07;Arrêté déterminant les catégories de logements où sévit la pénurie en vue de l’application de l’article 207 de la loi d’application du code civil suisse et d’autres lois fédérales en matière civile (ArCAP);18.12.2024
I 4 53;Loi sur l’aide à la propriété individuelle (LAPI);02.05.1997
I 4 53.01;Règlement d’application de la loi sur l’aide à la propriété individuelle (RAPI);22.10.1997
I 4 55;Loi encourageant l’accession à la propriété du logement par l’épargne-logement (LAPLE);26.09.1969
I 4 55.01;Règlement d’application de la loi encourageant l’accession à la propriété du logement par l’épargne-logement (RAPLE);05.08.1970
J;Législation sociale;
J 1;Relations du travail;
J 1 05;Loi sur l'inspection et les relations du travail (LIRT);12.03.2004
J 1 05.01;Règlement d’application de la loi sur l’inspection et les relations du travail (RIRT);23.02.2005
J 1 05.03;Arrêté relatif au salaire minimum cantonal pour l’année 2025 (ArSMC-2025);02.10.2024
J 1 15;Loi concernant la Chambre des relations collectives de travail (LCRCT);29.04.1999
J 1 15.01;Règlement d’application de la loi concernant la Chambre des relations collectives de travail (RCRCT);07.07.1999
J 1 15.03;Règlement fixant les indemnités allouées aux juges de la Chambre des relations collectives de travail (RIJCRCT);20.12.2023
J 1 20;Loi protégeant les garanties fournies par les employés (LPGFE);22.03.1930
J 1 45;Loi sur les jours fériés (LJF);03.11.1951
J 1 50.03;Contrat-type de travail avec salaires minimaux impératifs de l’économie domestique (CTT-EDom);13.12.2011
J 1 50.04;Contrat-type de travail avec salaires minimaux impératifs pour les organisations de soins et d'aide à domicile (CTT-OSAD);14.12.2023
J 1 50.06;Contrat-type de travail avec salaires minimaux impératifs pour le secteur de l'assistance au sol aux compagnies aériennes (CTT-ASCA);01.03.2022
J 1 50.07;Contrat-type de travail avec salaires minimaux impératifs pour le secteur de la mécatronique (CTT-Méca);18.10.2019
J 1 50.09;Contrat-type de travail de l’agriculture (CTT-Agri);13.12.2011
J 1 50.12;Contrat-type de travail des jeunes gens au pair majeurs (CTT-TPMaj);13.12.2011
J 1 50.15;Contrat-type de travail des jeunes gens au pair mineurs (CTT-TPMin);13.12.2011
J 1 50.16;Contrat-type de travail avec salaires minimaux impératifs des esthéticiennes (CTT-Esthé);18.12.2012
J 1 50.17;Contrat-type de travail avec salaires minimaux impératifs pour le secteur du commerce de détail (CTT-CD);13.06.2017
J 1 50.18;Contrat-type de travail avec salaires minimaux impératifs pour le transport professionnel de choses (CTT-TPC);26.11.2013
J 1 50.19;Contrat-type de travail avec salaires minimaux impératifs des monteurs de stands (CTT-MStands);14.03.2014
J 2;Placement et chômage;
J 2 05;Loi sur le service de l’emploi et la location de services (LSELS);18.09.1992
J 2 05.01;Règlement d’exécution de la loi sur le service de l’emploi et la location de services (RSELS);14.12.1992
J 2 20;Loi en matière de chômage (LMC);11.11.1983
J 2 20.01;Règlement d’exécution de la loi en matière de chômage (RMC);23.01.2008
J 2 20.03;Règlement relatif à la caisse cantonale genevoise de chômage (RCCGC);27.07.2011
J 3;Assurances contre la maladie et les accidents;
J 3 05;Loi d’application de la loi fédérale sur l’assurance-maladie (LaLAMal);29.05.1997
J 3 05.01;Règlement d’exécution de la loi d’application de la loi fédérale sur l’assurance-maladie (RaLAMal);15.12.1997
J 3 05.05;Règlement fixant les tarifs des prestations fournies par les maisons de naissance en 2012 (RTEH-2012);29.05.2013
J 3 05.06;Règlement fixant les tarifs des prestations fournies par les Hôpitaux universitaires de Genève dans le domaine des soins somatiques aigus (régime sans convention) (RTHUG-SSA);11.03.2015
J 3 05.07;Règlement fixant les tarifs des prestations fournies par les établissements publics médicaux dans le domaine des soins non aigus (régime sans convention) (RTSNA);24.07.2013
J 3 05.08;Règlement fixant la valeur du point TARMED pour les prestations médicales ambulatoires à charge de l'assurance obligatoire des soins (RTarmed);28.06.2006
J 3 05.09;Règlement fixant les tarifs des prestations fournies par les cliniques genevoises de Joli-Mont et de Montana dans le domaine des soins non aigus (régime sans convention) (RTJMM);23.07.2014
J 3 05.10;Règlement fixant les tarifs provisoires des prestations de soins de réadaptation stationnaire fournies par les Hôpitaux universitaires de Genève, en l'absence de convention tarifaire (RTPSRS-HUG);02.06.2021
J 3 05.11;Règlement fixant le tarif des prestations fournies par les maisons de naissance dans le domaine des soins somatiques aigus pour l'année 2013 (régime sans convention) (RTMN-2013);27.08.2014
J 3 05.12;Règlement fixant les forfaits journaliers des hospitalisations de jour aux Hôpitaux universitaires de Genève pour les personnes non domiciliées dans le canton de Genève (RFPND);24.07.2013
J 3 05.13;Règlement fixant le tarif provisoire des prestations fournies par les Hôpitaux universitaires de Genève dans le domaine des soins psychiatriques (régime sans convention) (RTPHUG-SP);08.10.2014
J 3 05.14;Règlement fixant les tarifs des prestations fournies par les hôpitaux privés non universitaires de Genève dans le domaine des soins somatiques aigus en 2012 (régime sans convention) (RTHP-SSA-2012);14.01.2015
J 3 05.16;Règlement fixant le tarif-cadre des actes professionnels chiropratiques usuels à la charge de l’assurance obligatoire des soins (RTCAC);16.09.1998
J 3 05.17;Règlement fixant le tarif provisoire des prestations fournies par les Hôpitaux universitaires de Genève dans le domaine des soins somatiques aigus (régime sans convention) (RTPHUG-SSA);11.05.2016
J 3 05.18;Règlement fixant la valeur du point des prestations fournies par les physiothérapeutes (RPPhysio);07.03.2001
J 3 05.19;Règlement fixant les tarifs provisoires des prestations de soins psychiatriques fournies par les établissements hospitaliers selon la structure tarifaire TARPSY (régime sans convention) (RTPEH-TARPSY);31.01.2018
J 3 05.20;Règlement fixant le tarif-cadre des prestations fournies par l’Institution genevoise de maintien à domicile et Sitex SA en matière de soins aigus et de transition (RTCADom);20.04.2011
J 3 05.22;Règlement fixant le tarif-cadre des prestations fournies par les infirmières et infirmiers indépendants de la Coopérative de soins infirmiers (CSI), de la section genevoise de l'Association suisse des infirmières et infirmiers (ASI) et des autres organisations d'aide et de soins à domicile en matière de soins aigus et de transition (RTCISAT);10.01.2013
J 3 05.23;Règlement fixant les montants destinés à déterminer le financement résiduel selon l’article 25a de la loi fédérale sur l’assurance-maladie (RFRLAMal);29.05.2019
J 3 05.24;Règlement fixant le tarif-cadre des prestations fournies par les logopédistes/orthophonistes à la charge de l’assurance obligatoire des soins (RTCLAO);21.12.1998
J 3 05.25;Règlement fixant le tarif-cadre provisoire des prestations de réadaptation stationnaire fournies par les établissements hospitaliers non universitaires selon la structure tarifaire ST Reha (régime sans convention) (RTCPEH-STReha);23.02.2022
J 3 05.26;Règlement fixant le tarif provisoire des prestations de psychothérapie pratiquées par les psychologues, dans le cadre de l'assurance obligatoire des soins, en l'absence de convention tarifaire, à compter du 1er juillet 2022 (RTPPsy);29.06.2022
J 3 05.28;Règlement fixant le tarif-cadre des prestations fournies par les pharmacies d’hospitalisation à domicile (RTCPHD);09.04.1997
J 3 05.30;Règlement fixant les tarifs-cadres des prestations de réadaptation stationnaire hospitalières (régime sans convention) (RTCPRSH);31.05.2023
J 3 05.32;Règlement fixant le tarif-cadre des prestations fournies par les sages-femmes (RTCSF);09.04.1997
J 3 05.36;Règlement fixant le tarif des conditions relatives à la prise en charge des traitements en cas de dépendance aux opiacés nécessitant la prescription d'héroïne (RTDO);11.02.2004
J 3 05.50;Règlement d’application de l’ordonnance fédérale sur la fixation de nombres maximaux de médecins qui fournissent des prestations ambulatoires (RaOFNMMPA);14.09.2022
J 3 05.52;Règlement instituant une commission consultative en matière de planification hospitalière (RComPlanH);03.02.2010
J 3 20;Loi d’application de la loi fédérale sur l’assurance-accidents (LaLAA);15.12.1983
J 3 20.03;Règlement concernant la caisse nationale suisse d’assurance en cas d’accidents (RCNA);29.01.1918
J 3 20.06;Règlement fixant le tarif des prestations médicales pour la caisse nationale suisse d’assurance en cas d’accidents (RTMCNA);27.06.1979
J 3 25.04;Règlement concernant les prestations aux élèves victimes d’accidents (RPEVA);28.03.2018
J 4;Assistance;
J 4 04;Loi sur l’aide sociale et la lutte contre la précarité (LASLP);23.06.2023
J 4 04.01;Règlement d'application de la loi sur l'aide sociale et la lutte contre la précarité (RASLP);17.04.2024
J 4 04.04;Règlement instituant une commission consultative de la politique d’asile (RComAsi);19.05.2010
J 4 06;Loi sur le revenu déterminant unifié (LRDU);19.05.2005
J 4 06.01;Règlement d'exécution de la loi sur le revenu déterminant unifié (RRDU);27.08.2014
J 4 07;Loi sur l’Hospice général (LHG);17.03.2006
J 4 09.04;Règlement sur l’office de protection de l’adulte (ROPAd);23.08.2023
J 4 10;Loi d’application de la loi fédérale sur l’aide aux victimes d’infractions (LaLAVI);11.02.2011
J 4 10.01;Règlement d’exécution de la loi d’application de la loi fédérale sur l’aide aux victimes d’infractions (RaLAVI);13.04.2011
J 4 11;Loi sur l’aide aux personnes sans abri (LAPSA);03.09.2021
J 4 11.01;Règlement d’application de la loi sur l’aide aux personnes sans abri (RAPSA);29.03.2023
J 4 12;Loi sur la prévention et la lutte contre le surendettement (LPLS);02.03.2023
J 4 12.01;Règlement d'application de la loi sur la prévention et la lutte contre le surendettement (RPLS);22.05.2024
J 4 15.04;Règlement sur les collectes (RCollectes);26.11.1940
J 4 18;Loi relative à l'office cantonal des assurances sociales (LOCAS);20.09.2002
J 4 18.01;Règlement d’exécution de la loi relative à l’office cantonal des assurances sociales (ROCAS);23.03.2005
J 4 20;Loi sur les prestations fédérales complémentaires à l’assurance-vieillesse et survivants et à l’assurance-invalidité (LPFC);14.10.1965
J 4 20.01;Règlement d’application de la loi sur les prestations fédérales complémentaires à l’assurance-vieillesse et survivants et à l’assurance-invalidité (RPFC);23.12.1998
J 4 20.04;Règlement relatif au remboursement des frais de maladie et des frais résultant de l’invalidité en matière de prestations complémentaires à l’assurance-vieillesse et survivants et à l’assurance-invalidité (RFMPC);15.12.2010
J 4 25;Loi sur les prestations complémentaires cantonales (LPCC);25.10.1968
J 4 25.03;Règlement relatif aux prestations cantonales complémentaires à l’assurance-vieillesse et survivants et à l’assurance-invalidité (RPCC-AVS/AI);25.06.1999
J 4 25.04;Règlement relatif aux prestations complémentaires familiales (RPCFam);27.06.2012
J 5;Protection de la famille;
J 5 03.06;Règlement instituant une commission cantonale de la famille (RComFam);26.07.2000
J 5 07;Loi instituant une assurance en cas de maternité et d’adoption (LAMat);21.04.2005
J 5 07.01;Règlement d'application de la loi instituant une assurance en cas de maternité et d’adoption (RAMat);11.05.2005
J 5 07.03;Règlement du conseil d'administration du fonds cantonal de compensation de l'assurance-maternité (RCAFCAM);25.04.2001
J 5 10;Loi sur les allocations familiales (LAF);01.03.1996
J 5 10.01;Règlement d’exécution de la loi sur les allocations familiales (RAF);19.11.2008
J 5 10.03;Règlement du conseil d'administration du fonds cantonal de compensation des allocations familiales (RCAFAF);10.10.2001
J 5 25.04;Règlement instaurant une carte pour familles nombreuses (RCFN);24.05.2000
J 6;Protection de la jeunesse;
J 6 01;Loi sur l’enfance et la jeunesse (LEJ);01.03.2018
J 6 01.01;Règlement d'application de la loi sur l'enfance et la jeunesse (REJ);09.06.2021
J 6 11;Loi relative aux centres de loisirs et de rencontres et à la Fondation genevoise pour l’animation socioculturelle (LCLFASe);15.05.1998
J 6 15;Loi sur la Fondation officielle de la jeunesse (LFOJ);03.06.2016
J 6 25.04;Règlement fixant les indemnités pour les familles d’accueil avec hébergement (RIFAH);11.05.2016
J 6 26.04;Règlement fixant la participation financière des père et mère aux frais de placement, ainsi qu’aux mesures de soutien et de protection du mineur (RPFFPM);02.12.2020
J 6 28;Loi sur l’accueil préscolaire (LAPr);12.09.2019
J 6 28.01;Règlement sur l’accueil préscolaire (RAPr);29.06.2022
J 6 32;Loi sur l’accueil à journée continue (LAJC);22.03.2019
J 6 32.01;Règlement d’application de la loi sur l'accueil à journée continue (RAJC);18.11.2020
J 7;Protection de la vieillesse;
J 7 20;Loi sur la gestion des établissements pour personnes âgées (LGEPA);04.12.2009
J 7 20.01;Règlement d’application de la loi sur la gestion des établissements pour des personnes âgées (RGEPA);16.03.2010
J 7 35;Loi concernant les Rentes genevoises – Assurance pour la vieillesse (LRG);03.12.1992
J 7 35.01;Règlement d’exécution de la loi concernant les Rentes genevoises – Assurance pour la vieillesse (RRG);11.04.2018
K;Santé;
K 1;Police sanitaire, lutte contre les maladies;
K 1 03;Loi sur la santé (LS);07.04.2006
K 1 03.04;Règlement fixant les émoluments perçus par le département chargé de la santé (REmSanté);22.08.2006
K 1 03.07;Règlement relatif à la régulation des équipements médico-techniques lourds (RREML);15.01.2020
K 1 04;Loi sur l’organisation du réseau de soins en vue du maintien à domicile (LORSDom);28.01.2021
K 1 04.01;Règlement d’application de la loi sur l’organisation du réseau de soins en vue du maintien à domicile (RORSDom);10.03.2021
K 1 07;Loi sur l’Institution genevoise de maintien à domicile (LIMAD);18.03.2011
K 1 10;Convention intercantonale en matière de santé numérique (CISN);11.05.2023
K 1 10.0;Loi autorisant le Conseil d’Etat à adhérer à la convention intercantonale en matière de santé numérique (L-CISN);17.11.2023
K 1 15.01;Règlement d’exécution de la loi d’application de la loi fédérale sur la lutte contre les maladies transmissibles de l’homme (loi sur les épidémies) (RaLEpid);28.02.1979
K 1 15.04;Règlement relatif aux frais de désinfection et de désinfestation (RFDD);28.02.1979
K 1 15.08;Règlement concernant les vaccinations obligatoires et facultatives (RVOF);28.02.1979
K 1 15.12;Règlement relatif au remboursement du prix du vaccin (RRV);19.03.1979
K 1 15.16;Règlement relatif au décompte des frais pour les vaccinations publiques et gratuites (RDFVG);28.02.1979
K 1 15.18;Règlement fixant le tarif relatif au remboursement des mammographies de dépistage du cancer du sein (RTRMD);15.12.2008
K 1 15.24;Règlement relatif au contrôle sanitaire des bains publics (RCSBP);19.02.2020
K 1 18;Loi sur l’interdiction de fumer dans les lieux publics (LIF);22.01.2009
K 1 18.01;Règlement d’application relatif à la loi sur l’interdiction de fumer dans les lieux publics (RIF);07.10.2009
K 1 21;Loi sur les transports sanitaires urgents et l’aide sanitaire associée (LTSU);29.10.1999
K 1 21.01;Règlement d'application de la loi sur les transports sanitaires urgents et l'aide sanitaire associée (RTSU);10.03.2021
K 1 21.03;Règlement fixant le tarif relatif au renforcement médical des services d’ambulances effectué par les services mobiles d’urgence et de réanimation de la brigade sanitaire cantonale (RTRSA);25.01.2006
K 1 22;Convention de coopération transfrontalière dans le domaine de la prise en charge des urgences (CTPU);27.01.2011
K 1 22.0;Loi approuvant la convention de coopération transfrontalière dans le domaine de la prise en charge des urgences (L-CTPU);10.06.2011
K 1 36;Loi sur l'intégration des personnes handicapées (LIPH);16.05.2003
K 1 36.01;Règlement d'application de la loi sur l'intégration des personnes handicapées (RIPH);26.11.2003
K 1 37;Convention intercantonale relative aux institutions sociales (CIIS);13.12.2002
K 1 37.0;Loi autorisant le Conseil d’Etat à adhérer à la convention intercantonale relative aux institutions sociales (L-CIIS);21.09.2007
K 1 37.01;Règlement d’exécution de la convention intercantonale relative aux institutions sociales (RaCIIS);06.02.2008
K 1 55.04;Règlement du Centre universitaire romand de médecine légale, site de Genève (RCURML);25.09.2013
K 1 55.08;Règlement sur le sort du cadavre et la sépulture (RSép);22.08.2006
K 1 65;Loi sur les cimetières (LCim);20.09.1876
K 1 65.01;Règlement d’exécution de la loi sur les cimetières (RCim);16.06.1956
K 1 70;Loi d’application de la loi fédérale sur la protection de l’environnement (LaLPE);02.10.1997
K 1 70.03;Règlement du comité interdépartemental de coordination (RCIC);12.05.1999
K 1 70.04;Règlement du conseil du développement durable (RCDD);12.03.2014
K 1 70.05;Règlement sur les évaluations environnementales (REE);02.11.2022
K 1 70.06;Règlement d’application des dispositions fédérales relatives à la protection contre les accidents majeurs et divers dangers pour la population et l’environnement (RaPAM);15.01.2025
K 1 70.07;Règlement sur la protection contre le rayonnement non ionisant des installations stationnaires (RPRNI);01.03.2023
K 1 70.08;Règlement sur la protection de l'air (RPAir);22.02.2012
K 1 70.09;Règlement régissant le dispositif d’urgence en cas de pics de pollution atmosphérique (RPics);06.11.2019
K 1 70.10;Règlement sur la protection contre le bruit et les vibrations (RPBV);12.02.2003
K 1 70.11;Règlement instituant une commission de protection contre les pollutions atmosphériques, sonores et l'électrosmog (RComPASE);15.12.2021
K 1 70.12;Règlement d'application de l'ordonnance fédérale sur la réduction des risques liés aux produits chimiques (RaORRChim);27.06.2007
K 1 70.13;Règlement sur la protection des sols (RSol);16.01.2008
K 1 70.14;Règlement sur les substances dangereuses dans l’environnement bâti (RSDEB);10.09.2008
K 1 70.20;Règlement sur les émoluments du service de l'air, du bruit et des rayonnements non ionisants en matière de protection de l’air (REmAir);12.09.2018
K 1 70.21;Règlement sur les émoluments du service de l'air, du bruit et des rayonnements non ionisants en matière de protection contre le bruit, les vibrations et les rayonnements non ionisants (REmBruit);12.09.2018
K 1 70.22;Règlement sur les émoluments du service de l’air, du bruit et des rayonnements non ionisants en matière de toxicologie de l’environnement bâti (REmTox);12.09.2018
K 1 71;Loi d'application de la législation fédérale sur les sites contaminés (LaLSC);31.01.2003
K 1 71.03;Règlement fixant les émoluments pour les prestations du service de géologie, sols et déchets liées à la gestion du cadastre des sites pollués (REmGéol);14.09.2005
K 1 75.03;Règlement instituant une commission consultative en matière d'addictions (RComAdd);18.02.1981
K 2;Etablissements hospitaliers;
K 2 05;Loi sur les établissements publics médicaux (LEPM);19.09.1980
K 2 05.06;Règlement sur les institutions de santé (RISanté);09.09.2020
K 2 09;Convention sur les contributions des cantons aux hôpitaux relative au financement de la formation médicale postgrade et sur la compensation intercantonale des charges (Convention sur le financement de la formation postgrade) (CFFP);20.11.2014
K 2 09.0;Loi autorisant le Conseil d’Etat à adhérer à la convention sur les contributions des cantons aux hôpitaux relative au financement de la formation médicale postgrade et sur la compensation intercantonale des charges (Convention sur le financement de la formation postgrade) (L-CFFP);04.12.2015
K 2 16;Loi concernant la création d’un centre romand de neurochirurgie (LCRN);04.05.2007
K 2 20;Convention intercantonale relative à la coordination et à la concentration de la médecine hautement spécialisée (CIMHS);14.03.2008
K 2 20.0;Loi autorisant le Conseil d’Etat à adhérer à la convention intercantonale relative à la médecine hautement spécialisée (L-CIMHS);05.12.2008
K 3;Professions médicales et auxiliaires;
K 3 02.01;Règlement sur les professions de la santé (RPS);30.05.2018
K 3 02.03;Règlement sur les pratiques complémentaires (RPrC);22.08.2006
K 3 02.05;Règlement sur les techniciens-dentistes (RTD);27.06.2007
K 3 03;Loi sur la commission de surveillance des professions de la santé et des droits des patients (LComPS);07.04.2006
K 3 03.01;Règlement concernant la constitution et le fonctionnement de la commission de surveillance des professions de la santé et des droits des patients (RComPS);22.08.2006
K 3 05.02;Règlement d’application de la loi fédérale sur la procréation médicalement assistée (RaLPMA);30.05.2005
K 3 05.16;Règlement fixant les compétences des départements en matière de professions de la santé (RCDPS);09.11.1983
K 3 07;Loi sur le réseau communautaire d'informatique médicale (e-Toile) (LRCIM);14.11.2008
K 3 07.03;Règlement d'application de la loi sur le réseau communautaire d'informatique médicale (e-Toile) concernant la Fondation IRIS-GENEVE (RFIRIS);08.10.2014
K 3 10.03;Règlement sur les activités pouvant mettre en danger la santé (RAMSD);27.06.2007
K 4;Médicaments, stupéfiants, produits divers;
K 4 05.12;Règlement sur les produits thérapeutiques (RPTh);09.09.2020
K 4 06.02;Règlement d'application de la loi fédérale relative à la recherche sur l'être humain (RaLRH);04.12.2013
K 4 20.02;Règlement relatif à l’application de la loi fédérale sur les stupéfiants et les substances psychotropes (RaLStup);27.06.2007
K 4 25.02;Règlement d’exécution de la loi fédérale sur les produits chimiques (RaLChim);26.07.2006
K 5;Denrées alimentaires;
K 5 02;Loi d’application de la législation fédérale sur les denrées alimentaires et les objets usuels (LaLDAl);13.09.2019
K 5 02.01;Règlement d'exécution de la loi d’application de la législation fédérale sur les denrées alimentaires et les objets usuels (RaLDAl);05.02.2020
L;Domaine public et travaux;
L 1;Voies de communication et urbanisme;
L 1 05;Loi sur le domaine public (LDPu);24.06.1961
L 1 07;Loi sur l’arborisation, la végétalisation, la mobilité douce et les transports publics dans l’aire urbaine (LAVMT);21.09.2023
L 1 10;Loi sur les routes (LRoutes);28.04.1967
L 1 10.03;Règlement concernant la classification des voies publiques (RCVP);27.10.1999
L 1 10.04;Règlement portant sur l’organisation du réseau routier (RORR);27.09.2004
L 1 10.06;Règlement sur les noms géographiques et l'adressage des bâtiments (RNGAB);19.02.2025
L 1 10.09;Règlement interdisant les travaux culturaux en dehors des limites des champs qui sont en bordure des artères cantonales, communales ou privées ouvertes au public (RITCLC);20.08.1952
L 1 10.12;Règlement concernant l’utilisation du domaine public (RUDP);21.12.1988
L 1 10.15;Règlement fixant le tarif des empiétements sur ou sous le domaine public (RTEDP);21.12.1988
L 1 10.18;Règlement sur la location de canalisations destinées à la télécommunication, propriété de l'Etat de Genève (RLCan);20.12.2006
L 1 11;Loi sur les zones 30 et les zones de rencontre (LZ30);21.09.2007
L 1 15;Loi d’application de la loi fédérale sur les routes nationales (LaLRN);25.01.2008
L 1 16;Convention intercantonale sur le service intercantonal d’entretien du réseau autoroutier des cantons de Fribourg, de Vaud et de la République et canton de Genève (Convention SIERA) (CSIERA);02.05.2018
L 1 16.0;Loi autorisant le Conseil d’Etat à adhérer à la Convention intercantonale sur le service intercantonal d’entretien du réseau autoroutier des cantons de Fribourg, de Vaud et de la République et canton de Genève (L-CSIERA);10.04.2019
L 1 20;Loi sur la gestion des déchets (LGD);20.05.1999
L 1 20.01;Règlement d’application de la loi sur la gestion des déchets (RGD);28.07.1999
L 1 30;Loi d’application de la loi fédérale sur l’aménagement du territoire (LaLAT);04.06.1987
L 1 30.01;Règlement d’application de la loi d’application de la loi fédérale sur l’aménagement du territoire (RaLAT);01.07.1992
L 1 30.04;Règlement d'application de la loi 10788 relative à l'aménagement du quartier « Praille-Acacias-Vernets » (RaPAV);18.06.2014
L 1 35;Loi générale sur les zones de développement (LGZD);29.06.1957
L 1 35.01;Règlement d’application de la loi générale sur les zones de développement (RGZD);20.12.1978
L 1 35.04;Annexe au règlement d’application de la loi générale sur les zones de développement (RGZD2);20.12.1978
L 1 35.06;Arrêté fixant les rendements admissibles dans les plans financiers des opérations de logement soumis à la loi générale sur les zones de développement, du 29 juin 1957, à la loi générale sur le logement et la protection des locataires, du 4 décembre 1977, ou à la loi pour la construction de logements d'utilité publique, du 24 mai 2007 (ArRPFOL);21.02.2018
L 1 40;Loi sur l’extension des voies de communication et l’aménagement des quartiers ou localités (LExt);09.03.1929
L 1 40.01;Règlement d’application de la loi sur l’extension des voies de communication et l’aménagement des quartiers ou localités (RExt);11.07.1930
L 1 45;Loi générale sur les zones de développement industriel ou d’activités mixtes (LZIAM);13.12.1984
L 1 45.05;Règlement sur les zones industrielles et d'activités mixtes (RZIAM);24.05.2023
L 1 45.06;Règlement concernant la cession et le registre des droits à bâtir dans les zones de développement d'activités mixtes (RDABZAM);29.11.2023
L 1 50;Loi sur le remembrement foncier urbain (LRFU);11.06.1965
L 1 55;Loi sur les commissions d’urbanisme et d’architecture (LCUA);24.02.1961
L 1 55.03;Règlement sur les commissions d’urbanisme et d’architecture (RCUA);19.06.1974
L 1 57;Loi sur la fonction d’architecte cantonal (LFAC);10.11.1995
L 1 60;Loi sur l’application de la loi fédérale sur les chemins pour piétons et les chemins de randonnée pédestre (LaLCPR);04.12.1998
L 1 60.02;Règlement instituant des mesures d’application de la loi fédérale sur les chemins pour piétons et les chemins de randonnée pédestre (RaLCPR);11.01.1995
L 2;Eaux et énergies;
L 2 05;Loi sur les eaux (LEaux-GE);05.07.1961
L 2 05.01;Règlement d’exécution de la loi sur les eaux (REaux-GE);15.03.2006
L 2 05.04;Règlement sur l'utilisation des eaux superficielles et souterraines (RUESS);15.09.2010
L 2 05.21;Règlement relatif aux taxes d’assainissement des eaux (RTAss);26.11.2014
L 2 05.27;Règlement relatif à la renaturation des cours d'eau et des rives (RRCER);27.06.2001
L 2 10;Loi sur l'occupation des eaux publiques (LOEP);19.09.2008
L 2 10.01;Règlement sur l’occupation des eaux publiques (ROEP);15.12.1986
L 2 15;Acte intercantonal concernant la correction et la régularisation de l’écoulement des eaux du Léman entre les cantons de Genève, de Vaud et du Valais (AICRL);11.09.1984
L 2 15.0;Loi approuvant l’acte intercantonal concernant la correction et la régularisation de l’écoulement des eaux du Léman entre les cantons de Genève, de Vaud et du Valais (L-AICRL);21.06.1984
L 2 15.03;Règlement sur la manœuvre de l’ouvrage de régularisation du niveau du lac Léman à Genève (RMORN);17.09.1997
L 2 30;Loi sur l’énergie (LEn);18.09.1986
L 2 30.01;Règlement d’application de la loi sur l’énergie (REn);31.08.1988
L 2 30.03;Arrêté fixant le prix moyen du mégajoule par agent énergétique (ArPMAE);21.12.2011
L 2 30.08;Règlement de la commission consultative sur les questions énergétiques (RCCQE);26.04.1989
L 2 30.09;Règlement relatif à la commission consultative du réseau de distribution de chaleur à partir de l’usine des Cheneviers (RCadiom);09.02.2000
L 2 35;Loi sur l’organisation des Services industriels de Genève (LSIG);05.10.1973
L 2 35.06;Règlement concernant l’élection de 3 membres du conseil d’administration des Services industriels de Genève par les conseillers municipaux du canton, à l’exception de ceux de la Ville de Genève (RCASIM);14.11.1973
L 2 35.10;Règlement d'application de l'article 1A de la loi sur l'organisation des Services industriels de Genève (RSIG-1A);18.02.2009
L 2 40;Loi instituant 2 fonds pour le développement des énergies renouvelables et les économies d’énergie (LFDER);20.11.1998
L 2 40.01;Règlement d’application de la loi instituant 2 fonds pour le développement des énergies renouvelables et les économies d’énergie (RFDER);15.12.1999
L 2 45;Loi sur le financement de projets d’assainissement énergétique des bâtiments et sur l’ouverture de crédits d’investissement (LFAEB);21.03.2024
L 2 50.01;Règlement d'application de la loi 12936 ouvrant un crédit d'investissement de 10 000 000 de francs en faveur du développement d'un plan hydrogène cantonal (RDPH);06.11.2024
L 3;Sous-sol;
L 3 05;Loi sur les ressources du sous-sol (LRSS);07.04.2017
L 3 05.01;Règlement d’application de la loi sur les mines (RMines);11.06.1940
L 3 10;Loi sur les gravières et exploitations assimilées (LGEA);28.10.1999
L 3 10.03;Règlement d’application de la loi sur les gravières et exploitations assimilées (RGEA);19.04.2000
L 4;Monuments et sites, décoration;
L 4 05;Loi sur la protection des monuments, de la nature et des sites (LPMNS);04.06.1976
L 4 05.01;Règlement d’application de la loi sur la protection des monuments, de la nature et des sites (RPMNS);29.03.2023
L 4 05.04;Règlement sur la conservation de la végétation arborée (RCVA);27.10.1999
L 4 05.08;Règlement relatif à la mise à ban temporaire d’emplacements dignes d’intérêt au titre de la protection de la nature (RMABT);03.10.1977
L 4 05.11;Règlement sur la protection du paysage, des milieux naturels et de la flore (RPPMF);25.07.2007
L 4 10;Loi sur la protection générale des rives du lac (LPRLac);04.12.1992
L 4 13;Loi sur la protection générale des rives du Rhône (LPRRhône);27.01.1989
L 4 16;Loi sur la protection générale et l’aménagement des rives de l’Arve (LPRArve);04.05.1995
L 4 19;Loi sur la protection générale et l'aménagement des rives de la Versoix (LPRVers);05.12.2003
L 5;Police des constructions, sécurité publique;
L 5 05;Loi sur les constructions et les installations diverses (LCI);14.04.1988
L 5 05.01;Règlement d’application de la loi sur les constructions et les installations diverses (RCI);27.02.1978
L 5 05.03;Règlement sur les chantiers (RChant);15.01.2025
L 5 05.06;Règlement concernant l'accessibilité des constructions et installations diverses (RACI);29.01.2020
L 5 05.08;Règlement concernant les ascenseurs et monte-charges (RAsc);30.04.2003
L 5 05.10;Règlement relatif aux places de stationnement sur fonds privés (RPSFP);17.05.2023
L 5 05.20;Règlement sur les campings (RCamp);28.06.2017
L 5 05.24;Règlement relatif à l’installation et à l’utilisation d’appareils employant comme dissolvant des hydrocarbures chlorés (RAHC);29.03.1934
L 5 07;Accord intercantonal sur l’élimination des entraves techniques au commerce (AIETC);23.10.1998
L 5 07.0;Loi autorisant le Conseil d’Etat à adhérer à l’accord intercantonal sur l’élimination des entraves techniques au commerce (L-AIETC);11.05.2001
L 5 11;Loi sur l’emploi du plomb et de ses composés dans les travaux publics et dans les travaux privés du bâtiment (LPlomb);26.10.1907
L 5 15;Loi sur les obligations des entrepreneurs de chantiers en cas d’accidents (LOECA);26.06.1878
L 5 20;Loi sur les démolitions, transformations et rénovations de maisons d’habitation (mesures de soutien en faveur des locataires et de l’emploi) (LDTR);25.01.1996
L 5 20.01;Règlement d’application de la loi sur les démolitions, transformations et rénovations de maisons d’habitation (RDTR);29.04.1996
L 5 20.03;Arrêté déterminant les catégories de logements où sévit la pénurie en vue de l’application des articles 25 à 39 de la loi sur les démolitions, transformations et rénovations de maisons d’habitation (ArAppart);18.12.2024
L 5 20.05;Arrêté relatif à la révision des loyers répondant aux besoins prépondérants de la population (ArRLoyers);12.01.2022
L 5 25;Loi sur le ramonage et les contrôles spécifiques des émanations de fumée (LRam);17.12.1981
L 5 25.01;Règlement d’application de la loi sur le ramonage et les contrôles spécifiques des émanations de fumée (RRam);24.03.1982
L 5 30.02;Règlement d’application de la loi fédérale sur les substances explosibles (matières explosives et engins pyrotechniques) (RaLExpl);25.11.1987
L 5 40;Loi sur l’exercice des professions d’architecte et d’ingénieur (LPAI);17.12.1982
L 5 40.01;Règlement d’application de la loi sur l’exercice des professions d’architecte et d’ingénieur (RPAI);09.11.1983
L 6;Adjudications et redevances;
L 6 05;Accord intercantonal sur les marchés publics (AIMP);25.11.1994
L 6 05.0;Loi autorisant le Conseil d’Etat à adhérer à l’accord intercantonal sur les marchés publics (L-AIMP);12.06.1997
L 6 05.01;Règlement sur la passation des marchés publics (RMP);17.12.2007
L 6 10.04;Règlement relatif aux fermes et loyers cantonaux (RFL);06.01.1934
L 7;Expropriation;
L 7 05;Loi sur l’expropriation pour cause d’utilité publique (LEx-GE);10.06.1933
M;Agriculture, forêts, chasse et pêche;
M 1;Améliorations foncières, droit foncier rural;
M 1 05;Loi sur les améliorations foncières (LAmF);05.06.1987
M 1 05.01;Règlement d’application de la loi sur les améliorations foncières (RAmF);31.05.1989
M 1 10;Loi d’application de la loi fédérale sur le droit foncier rural (LaLDFR);16.12.1993
M 1 10.01;Règlement d’exécution de la loi d’application de la loi fédérale sur le droit foncier rural (RaLDFR);26.01.1994
M 1 15;Loi d’application de la loi fédérale sur le bail à ferme agricole (LaLBFA);06.05.1988
M 2;Agriculture et viticulture;
M 2 05;Loi sur la promotion de l’agriculture (LPromAgr);21.10.2004
M 2 05.01;Règlement d’application de la loi sur la promotion de l’agriculture (RPromAgr);07.09.2022
M 2 25;Loi sur la police rurale (LPRur);31.08.2017
M 2 25.01;Règlement d’application de la loi sur la police rurale (RPRur);25.04.2018
M 2 30;Loi d’application des ordonnances fédérales sur les contributions versées aux exploitants agricoles (LaOCEA);31.08.2017
M 2 30.01;Règlement d’exécution de la loi d’application des ordonnances fédérales sur les contributions versées aux exploitants agricoles (RaOCEA);25.04.2018
M 2 40;Loi pour la sauvegarde et le développement des jardins familiaux (LSDJF);25.11.1960
M 2 50;Loi sur la viticulture (LVit);17.03.2000
M 2 50.05;Règlement sur la vigne et les vins de Genève (RVV);20.05.2009
M 3;Animaux;
M 3 10.03;Règlement relatif à l’encouragement de la production animale et de l’estivage de proximité (REPAEP);29.10.2008
M 3 15.06;Règlement concernant l’estivage (REstiv);18.03.1981
M 3 20.02;Règlement d’application de la loi fédérale sur les épizooties (RaLFE);11.11.2020
M 3 25;Loi sur le fonds cantonal des épizooties (LFCE);18.06.1938
M 3 25.03;Règlement relatif au fonds cantonal des épizooties (RFCE);19.12.1990
M 3 45;Loi sur les chiens (LChiens);18.03.2011
M 3 45.01;Règlement d’application de la loi sur les chiens (RChiens);27.07.2011
M 3 45.03;Règlement relatif à l’examen pour moniteur canin agréé (REMCA);18.04.2012
M 3 50.02;Règlement d’application de la loi fédérale sur la protection des animaux (RaLPA);15.06.2011
M 3 50.07;Règlement de la fourrière cantonale (RFour);02.05.1990
M 4;Chasse et pêche;
M 4 03;Concordat sur la pêche dans le lac Léman (CPL);07.10.1999
M 4 03.0;Loi approuvant le concordat sur la pêche dans le lac Léman (L-CPL);01.12.2000
M 4 03.01;Règlement d’exécution du concordat intercantonal sur la pêche dans le lac Léman (RCPL);20.12.2000
M 4 06;Loi sur la pêche (LPêche);20.10.1994
M 4 06.01;Règlement d’application de la loi sur la pêche (RPêche);15.12.1999
M 5;Protection de la nature;
M 5 05;Loi sur la faune (LFaune);07.10.1993
M 5 05.01;Règlement d’application de la loi sur la faune (RFaune);13.04.1994
M 5 10;Loi sur les forêts (LForêts);20.05.1999
M 5 10.01;Règlement d’application de la loi sur les forêts (RForêts);18.09.2019
M 5 10.08;Règlement concernant la circulation des véhicules automobiles et des cyclomoteurs dans les forêts, sites protégés, secteurs mis à ban et les cultures (RCVF);18.05.1983
M 5 15;Loi sur la biodiversité (LBio);14.09.2012
M 5 15.01;Règlement d’application de la loi sur la biodiversité (RBio);08.05.2013
M 5 25;Loi sur les gardes de l’environnement et autres agents techniques chargés de fonctions de police (LGE);31.08.2017
M 5 25.03;Règlement sur l’organisation des offices cantonaux chargés de l’agriculture, de la nature et de l’eau (ROCANE);25.04.2018
M 5 30;Loi visant à promouvoir des mesures en faveur de la biodiversité et de la qualité du paysage en agriculture (LMBA);14.11.2014
M 5 30.01;Règlement d'application de la loi visant à promouvoir des mesures en faveur de la biodiversité et de la qualité du paysage en agriculture (RMBA);14.01.2015
M 5 38;Loi instituant une commission consultative de la diversité biologique (LCCDB);20.05.1999
